date_utc,league,home,away,market,pick,price_at_publish,model_probability,result,grade,snapshot_frozen_at
2026-06-01T17:00:00+00:00,League Cup,Wadi Degla,Enppi,Asian Handicap,Home +0.25,1.5,0.6997,,LOST,
2026-06-01T17:30:00+00:00,Friendlies,Türkiye,FYR Macedonia,Team Total Goals,Under 2.5,1.67,0.8963,,LOST,
2026-06-01T17:30:00+00:00,Liga I,FC Voluntari,AFC Hermannstadt,Asian Handicap,Home +0,1.91,0.5419,,WON,
2026-06-01T18:00:00+00:00,Primera División - Apertura,Boston River,Liverpool Montevideo,Asian Handicap,Home +0.25,1.9,0.8243,,LOST,
2026-06-01T22:00:00+00:00,Liga Pro,Leones del Norte,Macara,Asian Handicap,Home +0,2.15,0.8686,,WON,
2026-06-01T22:00:00+00:00,Serie B,Ponte Preta,Botafogo SP,Asian Handicap,Home +0.25,1.6,0.7130,,WON,
2026-06-01T23:00:00+00:00,Friendlies,Colombia,Costa Rica,Team Total Goals,Over 0.5,1.85,0.7878,,WON,
2026-06-01T23:00:00+00:00,Serie C,Barra,Brusque,Team Total Goals,Over 0.5,1.67,0.8274,,WON,
2026-06-02T00:30:00+00:00,Division di Honor,Estrella,Jong Aruba,Team Total Goals,Under 2.5,2.26,0.9534,,WON,
2026-06-02T00:30:00+00:00,Liga Pro,Tecnico Universitario,Barcelona SC,Asian Handicap,Home +0.25,1.75,0.6695,,WON,
2026-06-02T01:00:00+00:00,Friendlies,Canada,Uzbekistan,Team Total Goals,Over 0.5,1.62,0.8287,,LOST,
2026-06-02T16:00:00+00:00,Friendlies,Croatia,Belgium,Asian Handicap,Home +0.25,1.62,0.6849,,LOST,
2026-06-02T16:30:00+00:00,Première Division,Afrique Football Élite,Diarra,Asian Handicap,Home +0.25,1.74,0.9920,,LOST,
2026-06-02T17:00:00+00:00,Ettan - Södra,Rosengård,Angelholms FF,Team Total Goals,Over 0.5,1.5,0.8447,,WON,
2026-06-02T17:00:00+00:00,Friendlies,Georgia,Romania,Asian Handicap,Home +0,1.55,0.6031,,WON,
2026-06-02T17:00:00+00:00,Friendlies,Morocco,Madagascar,Team Total Goals,Over 0.5,3.2,0.7801,,LOST,
2026-06-03T09:30:00+00:00,Capital Territory NPL,Belconnen United,Tuggeranong United,Over/Under Goals,Over 2.5,1.44,,,WON,
2026-06-03T11:30:00+00:00,Friendlies,Philippines,Guam,Team Total Goals,Over 0.5,3.45,0.8393,,WON,
2026-06-03T13:00:00+00:00,Premier Soccer League,Milford FC,Magesi,Asian Handicap,Home +0.25,1.8,0.6771,,WON,
2026-06-03T15:30:00+00:00,First League,Grbalj,Bokelj,Asian Handicap,Home +0.25,1.7,0.6275,,LOST,
2026-06-03T15:30:00+00:00,Friendlies,Croatia U21,Qatar U20,Asian Handicap,Away -1.25,1.78,0.2372,,LOST,
2026-06-03T17:00:00+00:00,Division 2 - Norrland,IFK Umeå,Täfteå,Over/Under Goals,Under 3.5,1.77,0.7212,,LOST,
2026-06-03T17:00:00+00:00,Ettan - Södra,Olympic,Lund,Asian Handicap,Home +0.25,1.7,0.5098,,LOST,
2026-06-03T17:00:00+00:00,Friendlies,Gibraltar,British Virgin Islands,Over/Under Goals,Under 3.5,1.87,0.9061,,LOST,
2026-06-03T17:30:00+00:00,Ettan - Norra,Vasalund,Järfälla,Asian Handicap,Away -1.25,1.58,0.2408,,LOST,
2026-06-03T18:00:00+00:00,Friendlies,Albania,Israel,Asian Handicap,Home +0.25,1.5,0.7838,,LOST,
2026-06-03T18:00:00+00:00,Friendlies,Denmark,Congo DR,Asian Handicap,Home +0.5,5.9,0.7167,,WON,
2026-06-03T18:00:00+00:00,Tweede Divisie,ADO '20,Ijsselmeervogels,Asian Handicap,Home +0,2.08,0.6208,,LOST,
2026-06-03T18:30:00+00:00,Friendlies,Portugal U21,Northern Ireland U21,Over/Under Goals,Under 3.5,1.7,0.8205,,LOST,
2026-06-03T18:45:00+00:00,Friendlies,Netherlands,Algeria,Team Total Goals,Over 0.5,1.7,0.8897,,WON,
2026-06-03T23:00:00+00:00,Copa Sul-Sudeste,Avai,Chapecoense-sc,Over/Under Goals,Over 1.5,1.53,0.7888,,WON,
2026-06-03T23:00:00+00:00,USL League Two,Charlotte Eagles,Tobacco Road,Over/Under Goals,Under 3.5,1.76,0.9930,,LOST,
2026-06-03T23:00:00+00:00,USL League Two,Christos,Charlottesville Blues,Asian Handicap,Home +0,2.6,0.5168,,WON,
2026-06-03T23:00:00+00:00,USL League Two,Wake,SC United Bantams,Asian Handicap,Home +0.25,4.0,0.7624,,LOST,
2026-06-04T00:45:00+00:00,Friendlies,Panama,Dominican Republic,Team Total Goals,Under 2.5,1.94,0.8731,,LOST,
2026-06-04T01:00:00+00:00,Friendlies,South Korea,El Salvador,Team Total Goals,Under 2.5,1.6,0.9398,,WON,
2026-06-04T02:00:00+00:00,USL League Two,Tacoma Stars,Ballard,Team Total Goals,Over 0.5,1.73,0.8864,,WON,
2026-06-04T16:30:00+00:00,Première Division,Bakaridjan,Stade Malien Bamako,Asian Handicap,Home +0.25,2.24,0.8186,,LOST,
2026-06-04T17:00:00+00:00,Ettan - Södra,Laholm,Hässleholms IF,Double Chance,Home/Draw,1.64,0.5915,,LOST,
2026-06-04T18:00:00+00:00,Botola Pro,Hassania Agadir,FUS Rabat,Asian Handicap,Home +0,2.0,0.6346,,WON,
2026-06-04T19:00:00+00:00,Friendlies,Spain,Iraq,Team Total Goals,Under 2.5,2.7,0.8780,,WON,
2026-06-04T19:10:00+00:00,Friendlies,France,Ivory Coast,Team Total Goals,Over 0.5,1.7,0.8719,,WON,
2026-06-04T20:00:00+00:00,Botola Pro,FAR Rabat,Difaa EL Jadida,Team Total Goals,Under 2.5,1.5,0.9116,,WON,
2026-06-05T10:00:00+00:00,Northern NSW NPL,Cooks Hill United,Belmont Swansea,Asian Handicap,Home +0.25,1.92,0.7201,,LOST,
2026-06-05T13:00:00+00:00,Friendlies,Indonesia,Oman,Asian Handicap,Home +0,1.58,0.6370,,WON,
2026-06-05T16:00:00+00:00,Friendlies,Belarus,Syria,Team Total Goals,Over 0.5,1.6,0.9141,,WON,
2026-06-05T16:00:00+00:00,Ligue 1,Mostaganem,El Bayadh,Over/Under Goals,Over 1.5,1.5,0.7393,,WON,
2026-06-05T16:00:00+00:00,Ligue 1,Paradou AC,ES Setif,Asian Handicap,Home +0,1.77,0.5304,,LOST,
2026-06-05T16:00:00+00:00,Première Division,Diarra,Djoliba,Asian Handicap,Home +0.25,2.38,0.9905,,LOST,
2026-06-05T16:30:00+00:00,3. Division,Vejgaard B,Lyseng,Over/Under Goals,Under 3.5,1.63,0.8555,,WON,
2026-06-05T17:00:00+00:00,Division 2 - Västra Götaland,Böljan,Astrio,Over/Under Goals,Under 3.5,1.68,0.9893,,LOST,
2026-06-05T17:00:00+00:00,Division 2 - Västra Götaland,Jonsered,Galtabacks,Over/Under Goals,Under 3.5,1.84,0.9637,,LOST,
2026-06-05T17:00:00+00:00,Division 2 - Västra Götaland,Lindome,Kongahälla,Asian Handicap,Home +0,1.54,0.6752,,WON,
2026-06-05T17:00:00+00:00,Friendlies,Moldova,Bulgaria,Asian Handicap,Home +0.25,2.05,0.6405,,WON,
2026-06-05T17:00:00+00:00,Friendlies,Russia,Burkina Faso,Team Total Goals,Over 0.5,2.08,0.9012,,LOST,
2026-06-05T19:00:00+00:00,Ligue 1,JS Kabylie,CR Belouizdad,Double Chance,Home/Draw,1.62,0.8613,,WON,
2026-06-05T19:00:00+00:00,Ligue 1,JS Saoura,CS Constantine,Team Total Goals,Over 0.5,1.67,0.8415,,WON,
2026-06-05T21:00:00+00:00,Primera B Metropolitana,Ituzaingó,Real Pilar,Asian Handicap,Home +0.25,2.02,0.5564,,WON,
2026-06-05T22:00:00+00:00,Primera División - Apertura,Wanderers,Danubio,Asian Handicap,Home +0,1.6,0.6371,,WON,
2026-06-05T23:00:00+00:00,CONMEBOL Nations League Women,Bolivia W,Paraguay W,Over/Under Goals,Under 3.5,3.1,0.8506,,LOST,
2026-06-05T23:00:00+00:00,CONMEBOL Nations League Women,Colombia W,Uruguay W,Over/Under Goals,Under 3.5,1.5,0.8549,,WON,
2026-06-05T23:30:00+00:00,Friendlies,Canada,Rep. Of Ireland,Team Total Goals,Over 0.5,1.85,0.7368,,WON,
2026-06-06T01:00:00+00:00,USL League Two,Snohomish United,Midlakes United,Asian Handicap,Away -1.25,1.68,0.2321,,WON,
2026-06-06T02:00:00+00:00,Canadian Premier League,Vancouver FC,Atlético Ottawa,Asian Handicap,Home +0.25,1.58,0.6899,,WON,
2026-06-06T07:00:00+00:00,J. League Div.1,Urawa,Fagiano Okayama,Team Total Goals,Over 0.5,1.53,0.7582,,WON,
2026-06-06T09:00:00+00:00,1. Liga U19,Slavia Praha U19,Sparta Praha U19,Over/Under Goals,Under 3.5,2.0,0.9892,,LOST,
2026-06-06T11:00:00+00:00,3. Division - Girone 1,Vålerenga II,Nordstrand,Over/Under Goals,Under 3.5,2.15,0.7329,,LOST,
2026-06-06T11:00:00+00:00,3. Division,Odder,Frem,Asian Handicap,Home +0,1.82,0.8448,,WON,
2026-06-06T12:00:00+00:00,3. Division,Næsby,FA 2000,Asian Handicap,Home +0,1.5,0.6459,,WON,
2026-06-06T12:30:00+00:00,Division 2 - Norra Svealand,Sunnersta,Gute,Over/Under Goals,Under 3.5,1.7,0.9274,,LOST,
2026-06-06T13:00:00+00:00,Premier Soccer League,Milford FC,Cape Town City,Asian Handicap,Home +0.25,1.6,0.8742,,LOST,
2026-06-06T13:00:00+00:00,Primera División - Apertura,Central Espanol,Racing Montevideo,Asian Handicap,Home +0,2.45,0.6223,,WON,
2026-06-06T13:00:00+00:00,Tweede Divisie,Ijsselmeervogels,ADO '20,Team Total Goals,Under 2.5,1.68,0.9807,,WON,
2026-06-06T14:00:00+00:00,Division 2 - Norra Svealand,Falu BS,Korsnäs,Over/Under Goals,Under 3.5,1.73,0.8548,,WON,
2026-06-06T15:00:00+00:00,3. liga - West,Slovan Duslo Šaľa,Petržalka II,Over/Under Goals,Under 3.5,1.5,0.9212,,LOST,
2026-06-06T16:00:00+00:00,Ligue 1,Olympique Akbou,Ben Aknoun,Asian Handicap,Away -1.25,1.53,0.1799,,WON,
2026-06-06T17:45:00+00:00,Friendlies,Portugal,Chile,Team Total Goals,Over 0.5,1.77,0.7746,,WON,
2026-06-06T17:45:00+00:00,Friendlies,Romania,Wales,Asian Handicap,Home +0.25,1.6,0.7319,,WON,
2026-06-06T18:00:00+00:00,Primera B Metropolitana,Brown DE Adrogue,Comunicaciones,Team Total Goals,Over 0.5,1.5,0.7280,,WON,
2026-06-06T18:30:00+00:00,Primera B Metropolitana,Argentino de Merlo,Deportivo Camioneros,Over/Under Goals,Over 1.5,1.62,0.7045,,LOST,
2026-06-06T18:30:00+00:00,Primera B Metropolitana,Excursionistas,San Martín Burzaco,Team Total Goals,Over 0.5,1.8,0.7998,,LOST,
2026-06-06T18:30:00+00:00,Primera B Metropolitana,Flandria,Argentino Quilmes,Asian Handicap,Home +0.25,1.6,0.8961,,LOST,
2026-06-06T19:00:00+00:00,Friendlies,Australia,Switzerland,Team Total Goals,Over 0.5,1.7,0.8527,,WON,
2026-06-06T19:00:00+00:00,Segunda Division,Castellón,Almeria,Over/Under Goals,Under 3.5,1.57,0.8939,,WON,
2026-06-06T20:00:00+00:00,Friendlies,Bolivia,Scotland,Team Total Goals,Over 0.5,1.55,0.7865,,LOST,
2026-06-06T20:00:00+00:00,Friendlies,England,New Zealand,Team Total Goals,Under 2.5,2.05,0.8898,,WON,
2026-06-06T21:30:00+00:00,Primera División - Apertura,Club Nacional,Juventud,Team Total Goals,Over 0.5,1.57,0.7760,,WON,
2026-06-06T22:00:00+00:00,Friendlies,Venezuela,Türkiye,Asian Handicap,Home +0.25,2.6,0.6812,,LOST,
2026-06-06T23:00:00+00:00,USL League Two,Oakland County,Lansing City,Team Total Goals,Under 2.5,1.78,0.9374,,LOST,
2026-06-06T23:00:00+00:00,USL League Two,Shark Coast,Nona,Asian Handicap,Home +0.25,3.1,0.8655,,LOST,
2026-06-06T23:30:00+00:00,USL League Two,Charlotte Independence 2,Charlotte Eagles,Over/Under Goals,Under 3.5,1.87,0.9946,,WON,
2026-06-06T23:30:00+00:00,USL League Two,North Carolina Fusion,North Carolina II,Over/Under Goals,Under 3.5,1.69,0.8568,,LOST,
2026-06-07T00:00:00+00:00,Friendlies,Curaçao,Aruba,Team Total Goals,Under 2.5,2.43,0.9004,,LOST,
2026-06-07T00:00:00+00:00,USL League Two,Hattiesburg,Memphis 901,Over/Under Goals,Under 3.5,1.78,0.7258,,LOST,
2026-06-07T00:00:00+00:00,USL League Two,Hill Country Lobos,San Antonio FC 2,Asian Handicap,Home +0.25,1.68,0.6493,,WON,
2026-06-07T00:00:00+00:00,USL League Two,Little Rock Rangers,Jackson Boom,Over/Under Goals,Under 3.5,2.01,0.8586,,WON,
2026-06-07T00:00:00+00:00,USL League Two,Rockford Raptors,River Light,Over/Under Goals,Under 3.5,1.73,0.7678,,LOST,
2026-06-07T00:00:00+00:00,USL League Two,Texoma,Lubbock Matadors,Team Total Goals,Under 2.5,1.68,0.9739,,WON,
2026-06-07T11:00:00+00:00,Division 2 - Norra Svealand,Helges,Kungsängen,Asian Handicap,Home +0,3.15,0.6996,,LOST,
2026-06-07T11:00:00+00:00,Division 2 - Norra Svealand,Viggbyholms IK,Lidingö,Over/Under Goals,Under 3.5,1.64,0.8289,,LOST,
2026-06-07T11:00:00+00:00,Division 2 - Norrland,Storfors,Boden,Double Chance,Home/Draw,1.67,0.6067,,LOST,
2026-06-07T12:00:00+00:00,Division 2 - Västra Götaland,Dalstorps,Onsala,Over/Under Goals,Under 3.5,1.5,0.8405,,LOST,
2026-06-07T12:00:00+00:00,Ettan - Norra,Piteå,Enköping,Asian Handicap,Home +0.25,2.02,0.6248,,LOST,
2026-06-07T13:00:00+00:00,Primera División - Apertura,Progreso,Albion FC,Asian Handicap,Home +0.25,1.9,0.8473,,LOST,
2026-06-07T14:00:00+00:00,Ettan - Södra,Trelleborg,Skövde AIK,Team Total Goals,Over 0.5,1.62,0.7450,,LOST,
2026-06-07T15:30:00+00:00,1st League - FBiH,Igman Konjic,Stupčanica Olovo,Asian Handicap,Home +0.25,1.52,0.8607,,LOST,
2026-06-07T16:30:00+00:00,Copa De La Liga,Universidad de Chile,A. Italiano,Team Total Goals,Over 0.5,1.53,0.8319,,WON,
2026-06-07T16:30:00+00:00,Friendlies,Denmark,Ukraine,Team Total Goals,Over 0.5,1.65,0.8114,,WON,
2026-06-07T17:30:00+00:00,Primera B Metropolitana,Deportivo Laferrere,Dock Sud,Team Total Goals,Over 0.5,1.53,0.7384,,WON,
2026-06-07T18:30:00+00:00,Torneo Federal A,Santamarina,Kimberley Mar del Plata,Team Total Goals,Over 0.5,1.53,0.7360,,LOST,
2026-06-07T18:45:00+00:00,Friendlies,Croatia,Slovenia,Team Total Goals,Over 0.5,1.95,0.7373,,WON,
2026-06-07T19:00:00+00:00,Copa De La Liga,Huachipato,Colo Colo,Team Total Goals,Over 0.5,1.5,0.7672,,WON,
2026-06-07T19:00:00+00:00,Friendlies,Morocco,Norway,Asian Handicap,Home +0.25,1.9,0.5948,,WON,
2026-06-07T19:00:00+00:00,Serie B,CRB,São Bernardo,Team Total Goals,Over 0.5,1.57,0.7543,,WON,
2026-06-07T22:00:00+00:00,Copa De La Liga,Deportes Limache,Everton de Vina,Asian Handicap,Home +0.25,1.52,0.7025,,LOST,
2026-06-07T22:00:00+00:00,Copa De La Liga,O'Higgins,Palestino,Asian Handicap,Home +0.25,1.62,0.5621,,WON,
2026-06-07T23:00:00+00:00,Friendlies,Colombia,Jordan,Team Total Goals,Over 0.5,2.15,0.7369,,LOST,
2026-06-07T23:30:00+00:00,USL League Two,Virginia Marauders,Christos,Asian Handicap,Home +0.25,3.3,0.6104,,LOST,
2026-06-08T14:00:00+00:00,Friendlies,Latvia U19,Estonia U19,Over/Under Goals,Under 3.5,1.53,0.9364,,LOST,
2026-06-08T14:00:00+00:00,Friendlies,Saudi Arabia U20,Panama U20,Asian Handicap,Home +0.25,1.58,0.7860,,WON,
2026-06-08T14:00:00+00:00,League Cup,Masr,Wadi Degla,Asian Handicap,Home +0.25,1.78,0.6958,,LOST,
2026-06-08T16:15:00+00:00,Friendlies,Italy U21,Albania U21,Over/Under Goals,Under 3.5,1.7,0.8657,,WON,
2026-06-08T17:00:00+00:00,Ettan - Norra,Stockholm Internazionale,Vasalund,Asian Handicap,Away -1.25,1.6,0.2085,,LOST,
2026-06-08T17:00:00+00:00,Ettan - Södra,Angelholms FF,Olympic,Over/Under Goals,Under 3.5,1.53,0.7002,,WON,
2026-06-08T17:30:00+00:00,Ettan - Södra,Utsikten,Rosengård,Over/Under Goals,Under 3.5,1.53,0.9064,,WON,
2026-06-08T17:30:00+00:00,League Cup,Enppi,AL Masry,Asian Handicap,Home +0.25,1.82,0.7867,,LOST,
2026-06-08T18:45:00+00:00,Friendlies,Netherlands,Uzbekistan,Team Total Goals,Over 0.5,1.67,0.8077,,WON,
2026-06-08T19:00:00+00:00,Friendlies,Niger,Mauritania,Asian Handicap,Home +1.25,5.9,0.9763,,WON,
2026-06-08T19:30:00+00:00,Segunda División,Provincial Ovalle,Trasandino,Asian Handicap,Home +0,1.93,0.5209,,WON,
2026-06-08T22:00:00+00:00,Primera A,Atletico Nacional,Junior,Team Total Goals,Over 0.5,1.55,0.8738,,LOST,
2026-06-08T23:00:00+00:00,Serie B,America Mineiro,Atletico Goianiense,Team Total Goals,Over 0.5,1.5,0.7718,,WON,
2026-06-08T23:00:00+00:00,USL League Two,The Villages,Sporting Jax 2,Team Total Goals,Under 2.5,1.7,0.9291,,WON,
2026-06-09T00:00:00+00:00,MLS Next Pro,Minnesota United II,Sporting KC II,Team Total Goals,Under 2.5,1.68,0.8857,,LOST,
2026-06-09T02:00:00+00:00,Friendlies,Peru,Spain,Asian Handicap,Home +0.25,7.0,0.7007,,LOST,
2026-06-09T12:00:00+00:00,Friendlies,Cambodia,Hong Kong,Asian Handicap,Home +0.25,1.95,0.7379,,WON,
2026-06-09T15:00:00+00:00,Friendlies,Armenia,Moldova,Team Total Goals,Over 0.5,1.67,0.7378,,WON,
2026-06-09T16:00:00+00:00,Botola Pro,Yacoub El Mansour,CODM Meknès,Over/Under Goals,Over 1.5,1.5,0.6574,,WON,
2026-06-09T16:30:00+00:00,Première Division,Djoliba,Réal Bamako,Asian Handicap,Home +0,1.53,0.6273,,LOST,
2026-06-09T16:30:00+00:00,Première Division,Stade Malien Bamako,Binga,Asian Handicap,Home +0,1.54,0.4177,,WON,
2026-06-09T17:00:00+00:00,Friendlies,Hungary,Kazakhstan,Team Total Goals,Under 2.5,1.73,0.9146,,LOST,
2026-06-09T17:00:00+00:00,Superettan,Oddevold,IFK Norrkoping,Asian Handicap,Home +0.25,1.68,0.6561,,LOST,
2026-06-09T18:00:00+00:00,Botola Pro,Kawkab Marrakech,Raja Casablanca,Over/Under Goals,Over 1.5,1.55,0.7023,,WON,
2026-06-09T19:00:00+00:00,Segunda Division,Almeria,Castellón,Asian Handicap,Home +0.25,1.5,0.7348,,WON,
2026-06-09T20:00:00+00:00,Botola Pro,Maghreb Fès,FAR Rabat,Over/Under Goals,Over 1.5,1.5,0.7528,,LOST,
2026-06-09T23:00:00+00:00,CONMEBOL Nations League Women,Paraguay W,Colombia W,Asian Handicap,Home +0.25,3.9,0.7188,,LOST,
2026-06-09T23:00:00+00:00,USL League Two,Evergreen,Charlottesville Blues,Over/Under Goals,Under 3.5,1.61,0.8760,,WON,
2026-06-10T01:00:00+00:00,Friendlies,Iraq,Venezuela,Asian Handicap,Home +0.25,1.9,0.8420,,LOST,
2026-06-10T09:30:00+00:00,Capital Territory NPL,Canberra Olympic,Canberra Juventus,Asian Handicap,Home +0.25,1.6,0.5660,,LOST,
2026-06-10T09:30:00+00:00,Capital Territory NPL,Tuggeranong United,Monaro Panthers,Asian Handicap,Home +0.25,2.68,0.7163,,LOST,
2026-06-10T09:30:00+00:00,New South Wales NPL,Sydney Olympic,SD Raiders,Asian Handicap,Home +0.25,1.95,0.5623,,WON,
2026-06-10T16:00:00+00:00,Friendlies,Pakistan,Afghanistan,Asian Handicap,Home +1.25,5.45,0.9669,,WON,
2026-06-10T18:00:00+00:00,2. Deild,Fjardabyggd / Leiknir,Fjolnir,Asian Handicap,Home +0,2.25,0.6623,,LOST,
2026-06-10T18:00:00+00:00,Brasileiro U20 A,Corinthians U20,Avaí U20,Team Total Goals,Under 2.5,1.55,0.8851,,LOST,
2026-06-10T18:00:00+00:00,Brasileiro U20 A,Grêmio U20,Fluminense U20,Asian Handicap,Home +0.25,1.65,0.7913,,LOST,
2026-06-10T18:00:00+00:00,Brasileiro U20 A,Juventude U20,Bahia U20,Asian Handicap,Home +0.25,2.85,0.6880,,WON,
2026-06-10T18:00:00+00:00,Reserve League,Newell's Old Boys Res.,Boca Juniors Res.,Asian Handicap,Home +0,2.35,0.6500,,WON,
2026-06-10T18:00:00+00:00,Reserve League,San Lorenzo Res.,Instituto Res.,Team Total Goals,Over 0.5,1.59,0.8784,,WON,
2026-06-10T18:00:00+00:00,Reserve League,Sarmiento Res.,Talleres Córdoba Res.,Asian Handicap,Home +0.25,2.15,0.6201,,LOST,
2026-06-10T19:00:00+00:00,Segunda Division,Malaga,Las Palmas,Asian Handicap,Home +0,1.5,0.6449,,WON,
2026-06-10T19:15:00+00:00,2. Deild,Haukar,Kormákur / Hvöt,Asian Handicap,Away -1.25,1.58,0.1802,,WON,
2026-06-10T19:15:00+00:00,2. Deild,Kári,Selfoss,Asian Handicap,Home +0,2.35,0.5556,,WON,
2026-06-10T19:15:00+00:00,2. Deild,Thróttur Vogar,Vikingur Olafsiik,Over/Under Goals,Under 3.5,1.69,0.8759,,WON,
2026-06-10T19:30:00+00:00,Cup,Afturelding,Stjarnan,Asian Handicap,Home +0.25,2.35,0.7078,,WON,
2026-06-10T19:45:00+00:00,Friendlies,Portugal,Nigeria,Team Total Goals,Over 0.5,1.91,0.8268,,WON,
2026-06-10T20:00:00+00:00,Friendlies,England,Costa Rica,Team Total Goals,Over 0.5,2.3,0.7374,,LOST,
2026-06-10T21:00:00+00:00,USL League Two,Charlotte Eagles,Asheville City,Asian Handicap,Home +0.25,3.55,0.6451,,WON,
2026-06-10T23:00:00+00:00,Serie B,Ceara,Avai,Team Total Goals,Over 0.5,1.55,0.8218,,WON,
2026-06-10T23:00:00+00:00,USL League Two,AC Connecticut,Vermont Green,Team Total Goals,Over 0.5,1.63,0.7606,,WON,
2026-06-10T23:00:00+00:00,USL League Two,North Carolina II,Wake,Asian Handicap,Away -1.25,3.1,0.1821,,LOST,
2026-06-10T23:00:00+00:00,USL League Two,SC United Bantams,Tobacco Road,Over/Under Goals,Under 3.5,2.02,0.8898,,LOST,
2026-06-10T23:30:00+00:00,Canadian Premier League,York United,Cavalry FC,Asian Handicap,Home +0.25,2.02,0.6416,,LOST,
2026-06-11T02:30:00+00:00,USL Championship,Phoenix Rising,Louisville City,Asian Handicap,Home +0.25,2.0,0.6972,,LOST,
2026-06-11T02:30:00+00:00,USL League Two,Snohomish United,Ballard,Asian Handicap,Home +0,2.05,0.5588,,WON,
2026-06-11T03:00:00+00:00,USL League One,Alta,Sarasota Paradise,Asian Handicap,Home +0,1.58,0.7456,,WON,
2026-06-11T15:30:00+00:00,Ykkönen,Tampere United,OLS,Over/Under Goals,Under 3.5,1.62,0.7125,,WON,
2026-06-11T16:00:00+00:00,Esiliiga A,Elva,Maardu,Over/Under Goals,Under 3.5,1.85,0.8769,,LOST,
2026-06-11T17:00:00+00:00,Division 2 - Västra Götaland,Hestrafor,Dalstorps,Asian Handicap,Home +0,1.91,0.8484,,LOST,
2026-06-11T17:00:00+00:00,Superettan,Helsingborg,Landskrona BoIS,Asian Handicap,Home +0.25,1.55,0.5416,,LOST,
2026-06-12T02:00:00+00:00,World Cup,South Korea,Czech Republic,Asian Handicap,Home +0.25,1.6,0.7655,,WON,
2026-06-12T09:30:00+00:00,New South Wales NPL,Manly United,Sydney United,Asian Handicap,Home +0.25,2.42,0.6091,,WON,
2026-06-12T09:30:00+00:00,Victoria NPL 2,Brunswick City,Eltham Redbacks FC,Asian Handicap,Home +0,1.95,0.8925,,WON,
2026-06-12T10:00:00+00:00,New South Wales NPL,Marconi Stallions,Sydney FC U23,Team Total Goals,Under 2.5,1.53,0.9345,,WON,
2026-06-12T10:15:00+00:00,South Australia State League 1,Eastern United,Adelaide Olympic,Over/Under Goals,Under 3.5,1.72,0.8769,,WON,
2026-06-12T10:30:00+00:00,Victoria NPL 2,Melbourne Knights,Brunswick Juventus FC,Asian Handicap,Home +0,1.55,0.8993,,LOST,
2026-06-12T13:00:00+00:00,Premier League,Reyady Abaseya,Al Hikma,Asian Handicap,Home +0,2.53,,,LOST,
2026-06-12T15:30:00+00:00,1 Lyga,Be1 NFA,Tauras,Asian Handicap,Home +0,1.61,0.6124,,WON,
2026-06-12T16:00:00+00:00,1 Lyga,Kauno Žalgiris II,Dainava,Double Chance,Home/Draw,1.96,0.6504,,LOST,
2026-06-12T16:00:00+00:00,2. Division - Group 2,Follo,Kjelsås,Over/Under Goals,Under 3.5,1.55,0.8680,,LOST,
2026-06-12T17:00:00+00:00,A Lyga,FK Zalgiris Vilnius,FK Trakai,Over/Under Goals,Under 3.5,1.68,0.7549,,LOST,
2026-06-12T17:00:00+00:00,Botola Pro,CODM Meknès,CR Khemis Zemamra,Asian Handicap,Home +0,1.59,0.5104,,LOST,
2026-06-12T17:00:00+00:00,Botola Pro,Difaa EL Jadida,Olympique Dcheïra,Asian Handicap,Home +0,1.51,0.6386,,WON,
2026-06-12T17:00:00+00:00,Damallsvenskan,Vittsjö W,Kristianstad W,Asian Handicap,Home +0,2.87,0.5900,,WON,
2026-06-12T17:00:00+00:00,Erovnuli Liga,Dinamo Batumi,Dila,Double Chance,Home/Draw,1.7,0.7895,,WON,
2026-06-12T18:00:00+00:00,Paulista - U20,Flamengo SP U20,Guarani U20,Asian Handicap,Home +0.25,3.08,0.7000,,LOST,
2026-06-12T18:00:00+00:00,Paulista - U20,União São João U20,Velo Clube U20,Asian Handicap,Home +0.5,1.78,0.6441,,WON,
2026-06-12T18:00:00+00:00,Paulista - U20,XV de Piracicaba U20,EC São Bernardo U20,Asian Handicap,Home +0.5,1.77,0.7644,,LOST,
2026-06-12T18:45:00+00:00,First Division,Treaty United,Bray Wanderers,Asian Handicap,Home +0.25,2.3,0.5276,,WON,
2026-06-12T18:45:00+00:00,Premier Division,St Patrick's Athl.,Drogheda United,Team Total Goals,Over 0.5,1.85,0.7603,,LOST,
2026-06-12T19:00:00+00:00,Premier Division,Shelbourne,Shamrock Rovers,Asian Handicap,Home +0.25,1.65,0.7523,,WON,
2026-06-12T22:00:00+00:00,Serie B,Atletico Goianiense,CRB,Team Total Goals,Over 0.5,1.52,0.8672,,WON,
2026-06-12T23:00:00+00:00,Primera B Metropolitana,San Martín Burzaco,Villa Dalmine,Asian Handicap,Home +0,2.05,0.7249,,LOST,
2026-06-13T01:00:00+00:00,World Cup,USA,Paraguay,Team Total Goals,Over 0.5,1.55,0.8136,,WON,
2026-06-13T03:00:00+00:00,Npl Nsw U20,UNSW U20,St George Saints U20,Team Total Goals,Under 2.5,1.57,0.8809,,LOST,
2026-06-13T04:00:00+00:00,Second League - Group 3,SKA Khabarovsk II,Salyut-Belgorod,Asian Handicap,Home +0.25,1.68,0.5485,,LOST,
2026-06-13T05:00:00+00:00,Capital Territory NPL,Queanbeyan City,Monaro Panthers,Asian Handicap,Home +0,3.3,0.6196,,LOST,
2026-06-13T05:00:00+00:00,New South Wales NPL,Western Sydney Wanderers U23,St George City FA,Asian Handicap,Home +0,1.52,0.5488,,WON,
2026-06-13T05:00:00+00:00,Victoria NPL 2,Langwarrin,Manningham United Blues,Asian Handicap,Home +0.25,2.05,0.5911,,WON,
2026-06-13T05:00:00+00:00,Victoria NPL 2,North Sunshine Eagles,Melbourne Srbija,Over/Under Goals,Under 3.5,1.7,0.9322,,WON,
2026-06-13T05:30:00+00:00,South Australia NPL,Para Hills Knights,FK Beograd,Over/Under Goals,Under 3.5,2.25,0.7135,,LOST,
2026-06-13T05:30:00+00:00,South Australia State League 1,Adelaide Blue Eagles,Salisbury United,Asian Handicap,Away -1.25,1.67,0.1689,,LOST,
2026-06-13T05:30:00+00:00,South Australia State League 1,Adelaide Cobras,Cumberland United,Over/Under Goals,Under 3.5,1.56,0.7808,,WON,
2026-06-13T06:45:00+00:00,Tasmania NPL,Glenorchy Knights,Riverside,Over/Under Goals,Under 3.5,1.94,0.9428,,WON,
2026-06-13T07:00:00+00:00,New South Wales NPL 2,Hurstville FC,Mt Druitt Town,Over/Under Goals,Under 3.5,1.65,0.8466,,WON,
2026-06-13T07:00:00+00:00,Western Australia NPL,Dianella White Eagle,Western Knights,Asian Handicap,Home +0.25,2.02,0.8289,,WON,
2026-06-13T07:00:00+00:00,Western Australia State League 1,Subiaco,Mandurah City,Asian Handicap,Home +0.25,2.38,0.5887,,LOST,
2026-06-13T07:00:00+00:00,Western Australia State League 1,UWA Nedlands,Floreat Athena,Over/Under Goals,Under 3.5,1.6,0.8166,,LOST,
2026-06-13T07:30:00+00:00,New South Wales NPL,NWS Spirit,Sydney Olympic,Over/Under Goals,Under 3.5,1.53,0.9522,,WON,
2026-06-13T07:30:00+00:00,New South Wales NPL,Sutherland Sharks,Blacktown City,Asian Handicap,Home +0,1.62,0.4886,,LOST,
2026-06-13T07:45:00+00:00,South Australia NPL,MetroStars,Sturt Lions,Over/Under Goals,Under 3.5,1.91,0.8601,,WON,
2026-06-13T09:00:00+00:00,New South Wales NPL 2,Bulls Academy,Rydalmere Lions,Asian Handicap,Home +0,1.52,0.7357,,LOST,
2026-06-13T09:45:00+00:00,Npl Nsw U20,Sutherland Sharks U20,Blacktown City U20,Asian Handicap,Home +0.25,1.55,0.6701,,WON,
2026-06-13T10:00:00+00:00,South Australia NPL,Adelaide United II,Adelaide City,Over/Under Goals,Under 3.5,1.8,0.7872,,WON,
2026-06-13T10:00:00+00:00,Western Australia State League 1,Kingsley Westside,Inglewood United,Asian Handicap,Home +0,1.64,0.7794,,LOST,
2026-06-13T11:00:00+00:00,Damallsvenskan,AIK W,Djurgården W,Asian Handicap,Home +0,1.72,0.7569,,WON,
2026-06-13T11:00:00+00:00,Ettan - Södra,Tvååker,Jonkopings Sodra,Double Chance,Home/Draw,1.7,0.7088,,WON,
2026-06-13T11:00:00+00:00,League Two,BIT,Dalian Yingbo B,Asian Handicap,Home +0.25,2.08,0.6821,,WON,
2026-06-13T11:00:00+00:00,Premier League,FK Tobol Kostanay,Kyzyl-Zhar,Team Total Goals,Over 0.5,1.53,0.7947,,LOST,
2026-06-13T11:30:00+00:00,League Two,Guangdong Mingtu,Langfang Glory City,Asian Handicap,Home +0,1.6,0.6647,,WON,
2026-06-13T11:30:00+00:00,Meistriliiga,Trans Narva,Nõmme United,Over/Under Goals,Under 3.5,1.62,0.9179,,WON,
2026-06-13T12:00:00+00:00,2. Division - Group 1,Vidar,Pors Grenland,Over/Under Goals,Under 3.5,1.55,0.7534,,WON,
2026-06-13T12:00:00+00:00,3. Division - Girone 5,Strømsgodset II,Harstad,Double Chance,Home/Draw,1.51,0.6283,,WON,
2026-06-13T12:00:00+00:00,3. Division - Girone 6,Oppsal,Sandefjord II,Asian Handicap,Home +0,1.61,0.6101,,WON,
2026-06-13T12:00:00+00:00,3. Division,FA 2000,Brønshøj,Asian Handicap,Home +0,1.51,0.5168,,WON,
2026-06-13T12:00:00+00:00,3. Division,Holbæk B&I,Vejgaard B,Over/Under Goals,Under 3.5,1.92,0.7814,,WON,
2026-06-13T12:00:00+00:00,3. Division,Nykobing FC,Vanløse,Over/Under Goals,Under 3.5,1.56,0.8436,,LOST,
2026-06-13T12:00:00+00:00,Damallsvenskan,Eskilstuna United W,Malmö FF W,Over/Under Goals,Under 3.5,1.52,0.7974,,WON,
2026-06-13T12:00:00+00:00,Elitettan,Sandviken W,Husqvarna W,Over/Under Goals,Under 3.5,1.6,0.8474,,LOST,
2026-06-13T12:00:00+00:00,Kakkonen - Lohko A,HIFK Helsinki,PEPO,Over/Under Goals,Under 3.5,1.7,0.8405,,WON,
2026-06-13T13:00:00+00:00,2. Division - Group 1,Eik-Tønsberg,Arendal,Asian Handicap,Home +0.25,1.95,0.7361,,WON,
2026-06-13T13:00:00+00:00,3. Division - Girone 6,Ørn Horten,Elverum,Asian Handicap,Home +0.25,1.52,0.7204,,LOST,
2026-06-13T13:00:00+00:00,Division 2 - Norra Svealand,Kungsängen,Gute,Asian Handicap,Home +0,1.58,0.7806,,WON,
2026-06-13T13:00:00+00:00,Erovnuli Liga 2,Samtredia,Kolkheti Poti,Asian Handicap,Home +0,1.52,0.6441,,WON,
2026-06-13T13:00:00+00:00,Premier League,Kairat Almaty,Atyrau,Asian Handicap,Away -1.25,1.71,0.0611,,WON,
2026-06-13T13:00:00+00:00,Second League - Group 3,Zenit Penza,Metallurg Lipetsk,Double Chance,Home/Draw,4.75,0.7951,,LOST,
2026-06-13T13:00:00+00:00,Second League A - Fall Season Gold,Tekstilshchik,Irtysh Omsk,Team Total Goals,Under 2.5,1.51,0.9636,,WON,
2026-06-13T13:00:00+00:00,Second League A - Fall Season Gold,Torpedo Miass,Rodina Moskva II,Asian Handicap,Home +0.25,1.5,0.7919,,LOST,
2026-06-13T13:00:00+00:00,Second League A - Fall Season Gold,Veles,Leningradets,Team Total Goals,Over 0.5,1.5,0.8913,,WON,
2026-06-13T13:00:00+00:00,Second League A - Fall Season Gold,Volgar Astrakhan,Novosibirsk,Asian Handicap,Home +0.25,1.94,0.9946,,WON,
2026-06-13T14:00:00+00:00,1 Lyga,Minija,BFA,Team Total Goals,Over 0.5,1.75,0.8982,,LOST,
2026-06-13T14:00:00+00:00,Division 2 - Norra Svealand,Bollstanäs,Viggbyholms IK,Over/Under Goals,Under 3.5,1.67,0.8439,,WON,
2026-06-13T14:00:00+00:00,Division 2 - Norra Svealand,Sunnersta,Falu BS,Asian Handicap,Home +0,1.87,0.7499,,WON,
2026-06-13T14:00:00+00:00,Ettan - Norra,Stocksund,Sollentuna,Double Chance,Home/Draw,1.64,0.6242,,WON,
2026-06-13T14:00:00+00:00,Ettan - Södra,Atvidabergs FF,Eskilsminne,Asian Handicap,Home +0,1.64,0.6273,,WON,
2026-06-13T14:00:00+00:00,Kakkonen - Lohko A,PuiU Helsinki,MyPa,Over/Under Goals,Under 3.5,1.83,0.9461,,WON,
2026-06-13T14:00:00+00:00,Kakkonen - Lohko B,EPS,ÅIFK,Double Chance,Home/Draw,1.61,0.7263,,LOST,
2026-06-13T14:00:00+00:00,Meistriliiga,Tammeka,Vaprus,Over/Under Goals,Under 3.5,1.5,0.7514,,WON,
2026-06-13T14:00:00+00:00,Second League - Group 1,Kyzyltash,Izberbash,Over/Under Goals,Under 3.5,1.63,0.8187,,WON,
2026-06-13T14:00:00+00:00,Veikkausliiga,FF Jaro,HJK Helsinki,Asian Handicap,Home +0.25,2.5,0.7516,,LOST,
2026-06-13T14:00:00+00:00,Veikkausliiga,VPS,KuPS,Asian Handicap,Home +0.25,1.85,0.6476,,WON,
2026-06-13T15:00:00+00:00,1. Liga,JDFS Alberts,Leevon / PPK,Asian Handicap,Home +0,1.75,0.6938,,WON,
2026-06-13T15:00:00+00:00,Second League - Group 3,FK Spartak Tambov,Rotor-2,Over/Under Goals,Under 3.5,1.85,0.8726,,WON,
2026-06-13T15:30:00+00:00,Ykkönen,VJS,Rops,Over/Under Goals,Under 3.5,1.67,0.9864,,WON,
2026-06-13T16:00:00+00:00,1 Lyga,Žalgiris II,Garliava,Over/Under Goals,Under 3.5,1.56,0.9668,,WON,
2026-06-13T16:00:00+00:00,Meistriliiga,Flora Tallinn,FC Levadia Tallinn,Asian Handicap,Home +0.25,2.2,0.6035,,LOST,
2026-06-13T16:00:00+00:00,Segunda División,Uruguay Montevideo,Miramar,Asian Handicap,Home +0.25,1.6,0.6638,,LOST,
2026-06-13T16:00:00+00:00,Veikkausliiga,Lahti,SJK,Asian Handicap,Home +0,1.68,0.5746,,LOST,
2026-06-13T16:30:00+00:00,3. Division - Girone 2,NTNUI,Aalesund II,Asian Handicap,Home +0.25,1.64,0.6957,,LOST,
2026-06-13T16:30:00+00:00,Primera Division,Coquimbo Unido,O'Higgins,Team Total Goals,Over 0.5,1.57,0.7580,,LOST,
2026-06-13T17:00:00+00:00,Erovnuli Liga,Samgurali,Torpedo Kutaisi,Asian Handicap,Home +0.25,2.04,0.6707,,WON,
2026-06-13T17:00:00+00:00,Esiliiga A,Tartu Welco,FC Tallinn,Over/Under Goals,Under 3.5,2.14,0.7453,,LOST,
2026-06-13T18:00:00+00:00,Baiano U20,Bahia U20,Juazeirense U20,Over/Under Goals,Under 3.5,1.62,0.9280,,LOST,
2026-06-13T18:00:00+00:00,Mineiro U20,Inter de Minas U20,Coimbra U20,Asian Handicap,Home +0.25,1.95,0.7910,,WON,
2026-06-13T18:00:00+00:00,Paulista - U20,Palmeiras U20,Osasco Audax U20,Over/Under Goals,Under 3.5,1.86,0.6734,,WON,
2026-06-13T18:00:00+00:00,Primera Nacional,Colegiales,San Martin Tucuman,Asian Handicap,Home +0.25,1.5,0.9902,,WON,
2026-06-13T18:30:00+00:00,First Division,Longford Town,Cobh Ramblers,Asian Handicap,Home +0.25,1.52,0.6270,,WON,
2026-06-13T18:30:00+00:00,Primera B Metropolitana,Comunicaciones,Deportivo Laferrere,Over/Under Goals,Over 1.5,1.57,0.6918,,WON,
2026-06-13T18:30:00+00:00,Primera B Metropolitana,Deportivo Camioneros,Arsenal Sarandi,Asian Handicap,Home +0,2.6,0.6078,,LOST,
2026-06-13T18:30:00+00:00,Primera B Metropolitana,Dock Sud,Talleres Remedios,Over/Under Goals,Over 1.5,1.67,0.7259,,WON,
2026-06-13T18:30:00+00:00,Primera B Metropolitana,Sportivo Italiano,Excursionistas,Team Total Goals,Over 0.5,1.5,0.8919,,WON,
2026-06-13T18:30:00+00:00,Primera C,Leandro N. Alem,Victoriano Arenas,Over/Under Goals,Over 1.5,1.57,0.7997,,LOST,
2026-06-13T19:00:00+00:00,Primera Division,Everton de Vina,Palestino,Asian Handicap,Home +0.25,1.62,0.6700,,LOST,
2026-06-13T19:00:00+00:00,Segunda División,Colón,Fenix,Asian Handicap,Home +0.25,1.68,0.7165,,WON,
2026-06-13T21:30:00+00:00,MLS Next Pro,Real Monarchs,Portland Timbers II,Over/Under Goals,Under 3.5,1.5,0.8350,,LOST,
2026-06-13T22:00:00+00:00,World Cup,Brazil,Morocco,Team Total Goals,Over 0.5,1.65,0.8338,,WON,
2026-06-13T23:00:00+00:00,USL League Two,Lorain County Leviathan,Akron City,Asian Handicap,Home +0,2.0,0.6525,,WON,
2026-06-14T00:00:00+00:00,USL Championship,Louisville City,Brooklyn,Team Total Goals,Under 2.5,1.73,0.9252,,WON,
2026-06-14T01:00:00+00:00,USL Championship,El Paso Locomotive,Phoenix Rising,Asian Handicap,Home +0,1.6,0.5363,,WON,
2026-06-14T01:00:00+00:00,World Cup,Haiti,Scotland,Team Total Goals,Over 0.5,1.7,0.7869,,LOST,
2026-06-14T02:00:00+00:00,USL Championship,Oakland Roots,Miami FC,Asian Handicap,Away -1.25,1.62,0.0631,,WON,
2026-06-14T04:00:00+00:00,World Cup,Australia,Türkiye,Team Total Goals,Over 0.5,1.6,0.8020,,WON,
2026-06-14T10:00:00+00:00,New South Wales NPL 2,Prospect United,Dulwich Hill,Asian Handicap,Home +0,2.05,0.6421,,WON,
2026-06-14T11:00:00+00:00,Division 2 - Norra Svealand,Angby,Skiljebo,Over/Under Goals,Under 3.5,1.71,0.8941,,WON,
2026-06-14T11:00:00+00:00,Division 2 - Västra Götaland,Onsala,Torslanda,Over/Under Goals,Under 3.5,1.64,0.8679,,WON,
2026-06-14T11:00:00+00:00,Division 2 - Västra Götaland,Åstorp,Landvetter IS,Over/Under Goals,Under 3.5,1.61,0.8532,,WON,
2026-06-14T11:00:00+00:00,Superettan,Norrby IF,Oddevold,Asian Handicap,Home +0.25,2.0,0.7045,,LOST,
2026-06-14T11:15:00+00:00,A Lyga,Hegelmann Litauen,Kauno Žalgiris,Asian Handicap,Home +0.25,2.62,0.7902,,WON,
2026-06-14T11:30:00+00:00,League Two,Hubei Chufeng Heli,Shenzhen 2028,Asian Handicap,Home +0.25,1.62,0.7117,,LOST,
2026-06-14T12:00:00+00:00,3. Division - Girone 2,Byåsen,Melhus,Over/Under Goals,Under 3.5,1.85,0.9484,,LOST,
2026-06-14T12:00:00+00:00,Premier League,Ethiopia Bunna,Sidama Bunna,Over/Under Goals,Over 1.5,1.57,0.7020,,WON,
2026-06-14T13:00:00+00:00,Kakkonen - Lohko C,Jaro 2,JS Hercules,Over/Under Goals,Under 3.5,2.62,0.7449,,WON,
2026-06-14T13:00:00+00:00,Paulista - U20,Porto Football U20,Sfera U20,Asian Handicap,Home +0.25,1.78,0.7523,,LOST,
2026-06-14T13:00:00+00:00,Paulista Série B,Riopretano,Tupa,Asian Handicap,Home +0.25,1.85,0.6489,,LOST,
2026-06-14T14:00:00+00:00,Ettan - Norra,AFC Eskilstuna,Assyriska FF,Asian Handicap,Home +0,1.61,0.5355,,WON,
2026-06-14T14:00:00+00:00,Serie B,São Bernardo,Sport Recife,Asian Handicap,Home +0.25,1.5,0.6861,,WON,
2026-06-14T15:00:00+00:00,Botola Pro,Raja Casablanca,UTS Rabat,Asian Handicap,Away -1.25,1.65,0.1218,,WON,
2026-06-14T15:00:00+00:00,Superettan,Sandviken,IK brage,Asian Handicap,Home +0,1.67,0.6906,,WON,
2026-06-14T15:30:00+00:00,Kakkonen - Lohko C,Kraft,Huima / Urho,Asian Handicap,Home +0.25,1.85,0.6795,,LOST,
2026-06-14T16:30:00+00:00,Primera Division,Concepción,Deportes Limache,Asian Handicap,Home +0,2.2,0.6160,,WON,
2026-06-14T17:00:00+00:00,Primera B Metropolitana,Argentino Quilmes,Deportivo Armenio,Team Total Goals,Over 0.5,1.65,0.7895,,WON,
2026-06-14T18:00:00+00:00,Segunda División,Atenas,La Luz,Asian Handicap,Home +0.25,1.55,0.7124,,WON,
2026-06-14T18:00:00+00:00,Torneo Federal A,Circulo Deportivo,Santamarina,Team Total Goals,Over 0.5,1.57,0.7983,,LOST,
2026-06-14T18:00:00+00:00,Torneo Federal A,El Linqueño,Douglas Haig,Asian Handicap,Home +0.25,1.85,0.9201,,WON,
2026-06-14T18:30:00+00:00,Primera B Metropolitana,Liniers,Real Pilar,Asian Handicap,Home +0.25,1.58,0.7662,,LOST,
2026-06-14T18:30:00+00:00,Primera C,Claypole,Deportivo Muñiz,Team Total Goals,Over 0.5,1.6,0.7841,,WON,
2026-06-14T18:30:00+00:00,Primera C,Juventud Unida,Estrella Del Sur,Asian Handicap,Home +0.25,1.68,0.9949,,WON,
2026-06-14T18:30:00+00:00,Primera C,Lujan,Yupanqui,Asian Handicap,Home +0,1.75,0.7292,,WON,
2026-06-14T19:00:00+00:00,MLS Next Pro,New England II,New York RB II,Over/Under Goals,Under 3.5,1.6,0.8591,,WON,
2026-06-14T19:00:00+00:00,MLS Next Pro,Philadelphia Union II,New York City II,Over/Under Goals,Under 3.5,1.7,0.7730,,WON,
2026-06-14T19:00:00+00:00,Primera Division,Union La Calera,Universidad de Chile,Asian Handicap,Home +0.25,2.0,0.5118,,WON,
2026-06-14T19:00:00+00:00,Segunda Division,Malaga,Almeria,Asian Handicap,Home +0,1.62,0.5375,,WON,
2026-06-14T19:30:00+00:00,Serie C,AO Itabaiana,Ituano,Team Total Goals,Over 0.5,1.5,0.7691,,WON,
2026-06-14T21:30:00+00:00,Primera Division,U. Catolica,Universidad de Concepcion,Team Total Goals,Over 0.5,1.55,0.7455,,WON,
2026-06-14T22:00:00+00:00,Canadian Premier League,Vancouver FC,Pacific FC,Over/Under Goals,Under 3.5,1.53,0.8137,,WON,
2026-06-14T22:00:00+00:00,MLS Next Pro,FC Cincinnati II,Columbus Crew II,Asian Handicap,Home +0.25,1.62,0.6595,,LOST,
2026-06-14T22:00:00+00:00,Serie B,Novorizontino,Nautico Recife,Team Total Goals,Over 0.5,1.5,0.7351,,WON,
2026-06-14T23:00:00+00:00,World Cup,Ivory Coast,Ecuador,Asian Handicap,Home +0.25,1.82,0.6501,,WON,
2026-06-15T02:00:00+00:00,World Cup,Sweden,Tunisia,Team Total Goals,Over 0.5,1.57,0.8506,,WON,
2026-06-15T10:00:00+00:00,Premier League,Negelle Arsi,Awassa Kenema,Asian Handicap,Home +0,1.7,0.4996,,WON,
2026-06-15T12:00:00+00:00,Premier League,Arba Minch Kenema,Suhul Shire,Asian Handicap,Home +0.25,1.6,0.6569,,WON,
2026-06-15T13:00:00+00:00,Premier League,Adama Kenema,Ethiopia Nigd Bank,Asian Handicap,Home +0.25,1.53,0.8435,,WON,
2026-06-15T15:00:00+00:00,Premier League,Hadiya Hosaena,Fasil Ketema,Asian Handicap,Home +0.25,1.5,0.7407,,LOST,
2026-06-15T16:00:00+00:00,World Cup,Spain,Cape Verde Islands,Team Total Goals,Under 2.5,2.35,0.9800,,WON,
2026-06-15T17:00:00+00:00,Superettan,GIF Sundsvall,Osters IF,Asian Handicap,Home +0.25,2.0,0.6264,,LOST,
2026-06-15T19:15:00+00:00,2. Deild,Selfoss,Thróttur Vogar,Over/Under Goals,Under 3.5,1.7,0.7221,,LOST,
2026-06-15T23:00:00+00:00,USL League Two,Christos,Annapolis Blues,Over/Under Goals,Under 3.5,1.76,0.7467,,WON,
2026-06-15T23:30:00+00:00,Serie C,Ypiranga-RS,Botafogo PB,Asian Handicap,Home +0,1.5,0.5924,,WON,
2026-06-16T09:30:00+00:00,Queensland NPL,WDSC Wolves,Eastern Suburbs,Over/Under Goals,Under 3.5,1.85,0.7180,,WON,
2026-06-16T09:30:00+00:00,Queensland Premier League,Redlands United,SC Wanderers,Asian Handicap,Home +0.25,1.98,0.7259,,LOST,
2026-06-16T10:00:00+00:00,Premier League,Mebrat Hayl,Mekelle Kenema,Asian Handicap,Home +0.25,1.72,0.6438,,WON,
2026-06-16T13:00:00+00:00,Premier League,Bahardar,Welayta Dicha,Asian Handicap,Home +0.25,1.51,0.9929,,LOST,
2026-06-16T13:00:00+00:00,Premier League,Shabab Al Sahel,Racing,Over/Under Goals,Under 3.5,1.62,,,WON,
2026-06-16T16:00:00+00:00,Meistriliiga,Kuressaare,Trans Narva,Asian Handicap,Home +0.5,1.52,0.8098,,WON,
2026-06-16T16:30:00+00:00,GFA League,Greater Tomorrow,BST Galaxy,Asian Handicap,Home +0,1.72,0.6164,,LOST,
2026-06-16T16:30:00+00:00,GFA League,Steve Biko,Falcons,Team Total Goals,Over 0.5,1.5,0.8126,,WON,
2026-06-16T16:30:00+00:00,GFA League,TMT,Hawks,Asian Handicap,Home +0.25,1.58,0.7490,,WON,
2026-06-16T17:00:00+00:00,Superettan,Landskrona BoIS,United Nordic,Asian Handicap,Home +0,1.68,0.5047,,WON,
2026-06-16T18:00:00+00:00,Brasileiro U20 A,América Mineiro U20,Santos U20,Asian Handicap,Home +0.25,1.7,0.6426,,LOST,
2026-06-16T19:00:00+00:00,World Cup,France,Senegal,Team Total Goals,Over 0.5,1.77,0.7482,,WON,
2026-06-17T00:30:00+00:00,USL League Two,West Chester United,Lone Star II,Over/Under Goals,Under 3.5,1.75,0.6759,,LOST,
2026-06-17T01:00:00+00:00,World Cup,Argentina,Algeria,Team Total Goals,Over 0.5,2.0,0.8355,,LOST,
2026-06-17T14:00:00+00:00,1. Deild,Grindavik,Fylkir,Asian Handicap,Home +0,2.62,0.6642,,LOST,
2026-06-17T15:00:00+00:00,Botola Pro,CR Khemis Zemamra,Raja Casablanca,Asian Handicap,Home +0.25,2.35,0.9930,,LOST,
2026-06-17T15:00:00+00:00,Veikkausliiga,HJK Helsinki,Inter Turku,Asian Handicap,Home +0.25,1.54,0.6119,,WON,
2026-06-17T16:00:00+00:00,Meistriliiga,Kalju Nomme,Tammeka,Team Total Goals,Under 2.5,1.67,0.8714,,WON,
2026-06-17T16:00:00+00:00,Meistriliiga,Paide,Laagri,Team Total Goals,Under 2.5,1.5,0.9504,,WON,
2026-06-17T16:30:00+00:00,GFA League,Samger,Bombada,Asian Handicap,Home +0.25,1.72,0.9947,,WON,
2026-06-17T17:00:00+00:00,Damallsvenskan,Hammarby W,AIK W,Team Total Goals,Over 0.5,1.61,0.8275,,WON,
2026-06-17T17:00:00+00:00,Division 2 - Västra Götaland,Landvetter IS,Jonsered,Over/Under Goals,Under 3.5,1.64,0.7188,,WON,
2026-06-17T17:00:00+00:00,Erovnuli Liga 2,Aragvi Dusheti,Sioni,Double Chance,Home/Draw,1.5,0.6180,,WON,
2026-06-17T17:00:00+00:00,Erovnuli Liga,Torpedo Kutaisi,Dinamo Batumi,Team Total Goals,Over 0.5,1.5,0.8147,,WON,
2026-06-17T17:30:00+00:00,Ettan - Södra,Utsikten,Atvidabergs FF,Over/Under Goals,Under 3.5,1.53,0.7519,,WON,
2026-06-17T18:00:00+00:00,Brasileiro U20 A,Botafogo U20,Grêmio U20,Over/Under Goals,Under 3.5,1.55,0.7349,,WON,
2026-06-17T18:00:00+00:00,Brasileiro U20 A,Fortaleza U20,Avaí U20,Team Total Goals,Over 0.5,1.6,0.7859,,LOST,
2026-06-17T18:00:00+00:00,Brasileiro U20 A,Juventude U20,São Paulo U20,Asian Handicap,Home +0.25,2.2,0.6171,,WON,
2026-06-17T18:00:00+00:00,Veikkausliiga,Gnistan,Lahti,Asian Handicap,Home +0.25,1.53,0.7237,,WON,
2026-06-17T22:00:00+00:00,Brasileiro U20 A,RB Bragantino U20,Fluminense U20,Asian Handicap,Away -1.25,1.55,0.2161,,LOST,
2026-06-17T23:00:00+00:00,MLS Next Pro,New York City II,Carolina Core,Asian Handicap,Home +0,1.7,,,WON,
2026-06-18T01:00:00+00:00,USL League One,Forward Madison,Fort Wayne,Team Total Goals,Over 0.5,1.53,0.8152,,WON,
2026-06-18T02:00:00+00:00,MLS Next Pro,Tacoma Defiance,Houston Dynamo FC II,Asian Handicap,Home +0.25,1.78,0.6272,,WON,
2026-06-18T02:00:00+00:00,World Cup,Uzbekistan,Colombia,Asian Handicap,Home +0.25,3.8,0.6764,,LOST,
2026-06-18T14:00:00+00:00,Damallsvenskan,Eskilstuna United W,Piteå W,Double Chance,Home/Draw,1.5,0.6248,,WON,
2026-06-18T15:00:00+00:00,Esiliiga A,Nõmme United II,Tallinna Kalev,Asian Handicap,Home +0.25,1.85,0.6548,,LOST,
2026-06-18T16:00:00+00:00,Damallsvenskan,Häcken W,Rosengård W,Over/Under Goals,Under 3.5,1.72,0.6971,,WON,
2026-06-18T16:00:00+00:00,Damallsvenskan,Kristianstad W,Uppsala W,Team Total Goals,Under 2.5,1.68,0.9338,,LOST,
2026-06-18T16:00:00+00:00,Esiliiga A,FC Tallinn,Flora II,Over/Under Goals,Under 3.5,2.05,0.8258,,LOST,
2026-06-18T16:30:00+00:00,Friendlies Clubs,Austria Klagenfurt,SV Kapfenberg,Asian Handicap,Home +0,3.1,0.5853,,WON,
2026-06-18T17:00:00+00:00,Division 2 - Norra Svealand,Skiljebo,Franke,Asian Handicap,Home +0,1.5,0.6500,,WON,
2026-06-18T17:00:00+00:00,Division 2 - Norrland,Kubikenborg,Gottne,Over/Under Goals,Under 3.5,1.65,0.7056,,LOST,
2026-06-18T17:00:00+00:00,Division 2 - Västra Götaland,Torslanda,Västra Frölunda,Over/Under Goals,Under 3.5,1.62,0.7766,,WON,
2026-06-18T17:00:00+00:00,Ettan - Södra,Jonkopings Sodra,Lund,Team Total Goals,Over 0.5,1.5,0.8218,,LOST,
2026-06-18T17:30:00+00:00,Division 2 - Västra Götaland,Böljan,Onsala,Asian Handicap,Home +0,2.16,0.6054,,LOST,
2026-06-18T17:30:00+00:00,Division 2 - Västra Götaland,Lindome,Åstorp,Asian Handicap,Home +0.25,1.67,0.5790,,WON,
2026-06-18T22:00:00+00:00,World Cup,Canada,Qatar,Team Total Goals,Under 2.5,1.53,0.9365,,LOST,
2026-06-19T00:00:00+00:00,Primera Division,Universidad de Chile,O'Higgins,Asian Handicap,Home +0,1.5,0.6928,,WON,
2026-06-19T01:00:00+00:00,World Cup,Mexico,South Korea,Team Total Goals,Over 0.5,1.57,0.7940,,LOST,
2026-06-19T09:30:00+00:00,Victoria NPL 2,Langwarrin,Port Melbourne,Over/Under Goals,Under 3.5,1.63,0.7046,,LOST,
2026-06-19T10:00:00+00:00,League Two,Dalian Yingbo B,Nantong Haimen Codion,Asian Handicap,Home +0.25,1.78,0.8203,,WON,
2026-06-19T10:15:00+00:00,Tasmania Southern Championship,Olympia Warriors,South Hobart II,Asian Handicap,Home +0.25,3.5,0.5136,,WON,
2026-06-19T10:15:00+00:00,Victoria NPL,Oakleigh Cannons,Melbourne City II,Team Total Goals,Over 0.5,1.57,0.9002,,WON,
2026-06-19T10:30:00+00:00,Victoria NPL 2,Brunswick Juventus FC,Bulleen Lions,Over/Under Goals,Under 3.5,1.6,0.8987,,LOST,
2026-06-19T10:30:00+00:00,Victoria NPL 2,Eltham Redbacks FC,Western United II,Asian Handicap,Home +0,1.68,0.7409,,LOST,
2026-06-19T15:30:00+00:00,Friendlies Clubs,Grazer AK,Gyori ETO FC,Over/Under Goals,Under 3.5,1.52,0.7993,,LOST,
2026-06-19T16:00:00+00:00,Friendlies Clubs,Rače,Aluminij,Asian Handicap,Home +0.25,5.5,0.8588,,WON,
2026-06-19T16:30:00+00:00,Friendlies Clubs,Rapid Wien II,Oberwart,Over/Under Goals,Under 3.5,1.87,0.8841,,LOST,
2026-06-19T18:00:00+00:00,Reserve League,Godoy Cruz Res.,Aldosivi Res.,Asian Handicap,Home +0,1.58,0.7387,,WON,
2026-06-19T18:45:00+00:00,Premier Division,Galway United,Derry City,Asian Handicap,Home +0.25,1.76,0.6796,,WON,
2026-06-19T18:45:00+00:00,Premier Division,Waterford,Shamrock Rovers,Asian Handicap,Home +0,3.8,0.6310,,LOST,
2026-06-19T19:00:00+00:00,World Cup,USA,Australia,Team Total Goals,Over 0.5,1.7,0.8692,,LOST,
2026-06-19T22:00:00+00:00,Primera B Metropolitana,Ituzaingó,Liniers,Asian Handicap,Home +0.25,1.65,0.7995,,WON,
2026-06-20T00:30:00+00:00,World Cup,Brazil,Haiti,Team Total Goals,Over 0.5,2.1,0.7344,,LOST,
2026-06-20T01:00:00+00:00,Friendlies Clubs,Reboceros La Piedad,Club Queretaro,Team Total Goals,Over 0.5,1.7,0.7880,,LOST,
2026-06-20T03:00:00+00:00,World Cup,Türkiye,Paraguay,Team Total Goals,Over 0.5,1.5,0.7762,,WON,
2026-06-20T04:00:00+00:00,Northern NSW NPL,Cooks Hill United,Weston Bears,Asian Handicap,Home +0,2.38,0.6761,,WON,
2026-06-20T04:00:00+00:00,Victoria NPL,Hume City,Green Gully,Over/Under Goals,Under 3.5,1.5,0.8503,,LOST,
2026-06-20T04:30:00+00:00,Tasmania NPL,Devonport City,Clarence Zebras,Team Total Goals,Under 2.5,2.63,0.9549,,WON,
2026-06-20T04:30:00+00:00,Tasmania Southern Championship,Hobart City,Taroona,Asian Handicap,Home +0,4.5,0.6352,,WON,
2026-06-20T05:00:00+00:00,Capital Territory NPL,Tuggeranong United,Canberra White Eagles,Asian Handicap,Away -1.25,2.25,0.2393,2-1,LOST,
2026-06-20T05:00:00+00:00,New South Wales NPL,Western Sydney Wanderers U23,Sutherland Sharks,Over/Under Goals,Under 3.5,1.53,0.7912,,WON,
2026-06-20T05:00:00+00:00,Queensland NPL,Gold Coast United,Brisbane Roar II,Over/Under Goals,Under 3.5,1.8,0.8086,,LOST,
2026-06-20T05:00:00+00:00,Victoria NPL 2,Melbourne Srbija,Melbourne Knights,Asian Handicap,Home +0.25,2.6,0.5846,,WON,
2026-06-20T05:30:00+00:00,South Australia NPL,Adelaide United II,Adelaide Comets,Over/Under Goals,Under 3.5,1.8,0.7973,,WON,
2026-06-20T05:30:00+00:00,South Australia NPL,Playford City Patriots,Campbelltown City,Asian Handicap,Home +0,2.1,0.6641,,WON,
2026-06-20T05:30:00+00:00,South Australia NPL,Sturt Lions,Para Hills Knights,Over/Under Goals,Under 3.5,2.38,0.6718,,LOST,
2026-06-20T06:30:00+00:00,New South Wales NPL 2,Hakoah Sydney City,Northern Tigers,Double Chance,Home/Draw,1.74,0.6140,,WON,
2026-06-20T07:00:00+00:00,New South Wales NPL 2,Hills Brumbies,Prospect United,Over/Under Goals,Under 3.5,1.57,0.6581,,WON,
2026-06-20T07:00:00+00:00,New South Wales NPL 2,Inter Lions,Mt Druitt Town,Over/Under Goals,Under 3.5,1.59,0.8849,,WON,
2026-06-20T07:00:00+00:00,New South Wales NPL,Sydney Olympic,Rockdale City Suns,Asian Handicap,Home +0.25,2.68,0.6614,,LOST,
2026-06-20T07:00:00+00:00,Western Australia NPL,Fremantle City,Dianella White Eagle,Asian Handicap,Home +0.25,1.75,0.6900,,WON,
2026-06-20T07:00:00+00:00,Western Australia NPL,Perth Glory II,Perth RedStar,Over/Under Goals,Under 3.5,1.73,0.6690,,WON,
2026-06-20T07:00:00+00:00,Western Australia State League 1,Joondalup City,Floreat Athena,Over/Under Goals,Under 3.5,1.59,0.7367,,LOST,
2026-06-20T07:00:00+00:00,Western Australia State League 1,Murdoch Melville,Inglewood United,Over/Under Goals,Under 3.5,1.57,0.7994,,WON,
2026-06-20T07:30:00+00:00,South Australia NPL,FK Beograd,West Torrens Birkalla,Asian Handicap,Home +0.25,1.65,0.6749,,WON,
2026-06-20T08:00:00+00:00,Capital Territory NPL,Cooma Tigers FC,Canberra FC,Asian Handicap,Home +0.25,1.52,0.6754,,WON,
2026-06-20T08:00:00+00:00,Queensland NPL,Eastern Suburbs,Brisbane City,Asian Handicap,Home +0.25,1.65,0.7143,,WON,
2026-06-20T08:00:00+00:00,Queensland NPL,Moreton City Excelsior,WDSC Wolves,Asian Handicap,Home +0,1.75,0.6913,,WON,
2026-06-20T08:00:00+00:00,Victoria NPL,Sunshine Georgies,Dandenong City,Over/Under Goals,Under 3.5,1.5,0.8842,,LOST,
2026-06-20T09:00:00+00:00,Friendlies Clubs,Slovan Bratislava II,AS Trencin,Asian Handicap,Home +0.25,2.08,0.7181,,LOST,
2026-06-20T09:00:00+00:00,Friendlies Clubs,Vlašim,Dukla Praha,Asian Handicap,Home +0,2.6,0.5627,,LOST,
2026-06-20T09:00:00+00:00,Friendlies Clubs,Zlin,Petržalka,Team Total Goals,Under 2.5,1.52,0.8849,,LOST,
2026-06-20T09:00:00+00:00,Friendlies Clubs,Žilina,Opava,Over/Under Goals,Under 3.5,1.5,0.7823,,WON,
2026-06-20T09:00:00+00:00,Western Australia State League 1,Mandurah City,Cockburn City,Asian Handicap,Away -1.25,1.58,0.1577,,WON,
2026-06-20T09:15:00+00:00,New South Wales NPL,St George City FA,NWS Spirit,Asian Handicap,Home +0,2.05,0.5114,,WON,
2026-06-20T10:00:00+00:00,K3 League,Chuncheon,Siheung Citizen,Asian Handicap,Home +0.25,2.35,0.7279,,LOST,
2026-06-20T10:00:00+00:00,Premier League,Ethiopia Nigd Bank,Ethiopia Bunna,Asian Handicap,Home +0,2.0,0.5989,,WON,
2026-06-20T11:00:00+00:00,3. Division - Girone 1,Nordstrand,Asker,Team Total Goals,Over 0.5,1.5,0.7721,,LOST,
2026-06-20T11:00:00+00:00,3. Division - Girone 2,Volda,Byåsen,Asian Handicap,Home +0,1.52,0.7401,,WON,
2026-06-20T11:30:00+00:00,Meistriliiga,Laagri,Nõmme United,Asian Handicap,Home +0.25,1.55,0.6809,,LOST,
2026-06-20T12:00:00+00:00,3. Division - Girone 2,Nardo,NTNUI,Asian Handicap,Home +0,1.59,0.6532,,WON,
2026-06-20T12:00:00+00:00,3. Division - Girone 3,Gneist,Askøy,Asian Handicap,Home +0.25,1.95,0.6808,,LOST,
2026-06-20T13:00:00+00:00,2. Division - Group 1,Notodden,Mjondalen,Asian Handicap,Home +0,1.83,0.5894,,LOST,
2026-06-20T13:00:00+00:00,Premier League,Reyady Abaseya,Safa,Asian Handicap,Home +0.25,2.15,,,LOST,
2026-06-20T13:30:00+00:00,2. Division - Group 1,Kvik Halden,Sotra,Asian Handicap,Home +0.25,2.2,0.7628,,WON,
2026-06-20T13:30:00+00:00,3. Division - Girone 2,Spjelkavik,Orkla,Team Total Goals,Over 0.5,1.59,0.8331,,WON,
2026-06-20T13:30:00+00:00,A Lyga,TransINVEST Vilnius,Kauno Žalgiris,Asian Handicap,Home +0,2.17,0.8210,,LOST,
2026-06-20T14:00:00+00:00,2. Deild,Fjardabyggd / Leiknir,Kormákur / Hvöt,Asian Handicap,Home +0,1.8,0.6059,,WON,
2026-06-20T15:00:00+00:00,2. Deild,KFG,Dalvík / Reynir,Asian Handicap,Home +0.25,2.68,0.7571,,LOST,
2026-06-20T15:00:00+00:00,Premier League,Kaisar,Ulytau,Asian Handicap,Home +0,1.56,0.5967,,WON,
2026-06-20T15:30:00+00:00,A Lyga,Banga,FK Zalgiris Vilnius,Asian Handicap,Home +0.25,1.9,0.5879,,WON,
2026-06-20T16:00:00+00:00,Cup,JFK Ventspils,Leevon / PPK,Over/Under Goals,Under 3.5,1.76,0.7265,,LOST,
2026-06-20T17:00:00+00:00,World Cup,Netherlands,Sweden,Team Total Goals,Over 0.5,1.55,0.9406,,WON,
2026-06-20T17:30:00+00:00,Primera B Metropolitana,Deportivo Laferrere,Defensores Unidos,Over/Under Goals,Over 1.5,1.57,0.7977,,LOST,
2026-06-20T18:00:00+00:00,Brasileiro U20 A,Vitória U20,Botafogo U20,Asian Handicap,Home +0.25,1.95,0.6416,,WON,
2026-06-20T18:00:00+00:00,Paulista Série B,Tupa,Santa Fé FC,Over/Under Goals,Under 3.5,1.5,0.8520,,WON,
2026-06-20T18:00:00+00:00,Primera Nacional,Ciudad de Bolívar,CA Estudiantes,Asian Handicap,Home +0,1.68,,,LOST,
2026-06-20T18:00:00+00:00,Primera Nacional,San Telmo,Racing Cordoba,Over/Under Goals,Over 1.5,1.67,,,WON,
2026-06-20T18:00:00+00:00,Torneo Federal A,Juventud Unida Univ.,Fundacion Amigos,Asian Handicap,Home +0.25,1.52,0.6989,,WON,
2026-06-20T18:30:00+00:00,Premier League,Al Ansar,Al Ahed,Team Total Goals,Over 0.5,1.68,0.7879,,WON,
2026-06-20T18:30:00+00:00,Primera B Metropolitana,Villa Dalmine,Sportivo Italiano,Asian Handicap,Home +0.25,1.55,0.6764,,WON,
2026-06-20T19:00:00+00:00,Copa Chile,Deportes Copiapo,U. Catolica,Over/Under Goals,Under 3.5,1.57,0.7650,,WON,
2026-06-20T19:00:00+00:00,Primera Nacional,Chaco For Ever,Colon Santa Fe,Asian Handicap,Home +0.25,1.82,,,WON,
2026-06-20T20:00:00+00:00,MLS Next Pro,Minnesota United II,St. Louis City II,Asian Handicap,Home +0.25,1.68,0.6548,,WON,
2026-06-20T21:00:00+00:00,Torneo Federal A,Santamarina,Villa Mitre,Asian Handicap,Home +0.25,1.8,0.9901,,LOST,
2026-06-20T23:00:00+00:00,USL League Two,Utah United,Colorado Storm,Asian Handicap,Home +0.25,1.7,0.5989,,WON,
2026-06-21T00:00:00+00:00,MLS Next Pro,Colorado Rapids II,Portland Timbers II,Over/Under Goals,Under 3.5,1.55,0.8430,,WON,
2026-06-21T00:00:00+00:00,Serie C,Maranhão,Paysandu,Asian Handicap,Home +0.25,1.5,0.8796,,LOST,
2026-06-21T00:00:00+00:00,USL League Two,Charlottesville Blues,Virginia Marauders,Over/Under Goals,Under 3.5,2.17,0.8319,,LOST,
2026-06-21T00:30:00+00:00,USL League One,Corpus Christi,Sarasota Paradise,Asian Handicap,Home +0.25,1.52,0.6814,,WON,
2026-06-21T03:00:00+00:00,Northern NSW NPL,Maitland,Hamilton Olympic,Asian Handicap,Home +0.25,1.62,0.6072,,WON,
2026-06-21T03:15:00+00:00,Tasmania NPL,Kingborough Lions,South Hobart,Asian Handicap,Home +0.25,2.02,0.6527,,WON,
2026-06-21T05:00:00+00:00,K3 League,Busan Transportation,Gyeongju HNP,Asian Handicap,Home +0.25,1.68,0.7081,,WON,
2026-06-21T05:00:00+00:00,New South Wales NPL,Blacktown City,APIA Leichhardt Tigers,Over/Under Goals,Under 3.5,1.62,0.9001,,LOST,
2026-06-21T05:00:00+00:00,New South Wales NPL,Marconi Stallions,UNSW,Over/Under Goals,Under 3.5,1.57,0.9574,,WON,
2026-06-21T05:00:00+00:00,Northern NSW NPL,Kahibah,Charlestown City Blues,Over/Under Goals,Under 3.5,1.82,0.7566,,LOST,
2026-06-21T09:00:00+00:00,K3 League,Pocheon,Gangneung City,Asian Handicap,Away -1.25,1.58,0.0806,,LOST,
2026-06-21T09:30:00+00:00,Esiliiga A,Tallinna Kalev,Nõmme Kalju II,Team Total Goals,Under 2.5,1.61,0.9634,,LOST,
2026-06-21T10:00:00+00:00,2. Division - Group 1,Arendal,Træff,Asian Handicap,Home +0.25,1.65,0.7084,,WON,
2026-06-21T11:15:00+00:00,A Lyga,Džiugas Telšiai,Suduva Marijampole,Asian Handicap,Home +0.25,1.72,0.6838,,LOST,
2026-06-21T11:30:00+00:00,Meistriliiga,Tammeka,Trans Narva,Over/Under Goals,Under 3.5,1.5,0.9527,,WON,
2026-06-21T13:00:00+00:00,Ettan - Norra,Enköping,Umeå FC,Over/Under Goals,Under 3.5,1.62,0.8335,,LOST,
2026-06-21T13:00:00+00:00,Premier Soccer League,Highlanders,Dynamos,Over/Under Goals,Over 1.5,1.55,0.7706,,WON,
2026-06-21T13:00:00+00:00,Superettan,Osters IF,Falkenbergs FF,Asian Handicap,Home +0,1.7,0.5481,,LOST,
2026-06-21T14:00:00+00:00,1. Deild,Vestri,Afturelding,Asian Handicap,Home +0.25,1.89,0.5360,,WON,
2026-06-21T14:00:00+00:00,Botola Pro,Difaa EL Jadida,Wydad AC,Asian Handicap,Home +0.25,2.75,0.6628,,WON,
2026-06-21T14:00:00+00:00,Botola Pro,Ittihad Tanger,CR Khemis Zemamra,Over/Under Goals,Over 1.5,1.55,0.6805,,LOST,
2026-06-21T14:00:00+00:00,Division 2 - Norra Svealand,Korsnäs,Sunnersta,Over/Under Goals,Under 3.5,1.84,0.7812,,LOST,
2026-06-21T14:00:00+00:00,Ettan - Södra,Kristianstad,Laholm,Asian Handicap,Away -1.25,1.58,0.2482,,WON,
2026-06-21T14:00:00+00:00,Premier League,Yelimay Semey,Atyrau,Asian Handicap,Home +1.25,2.92,0.8477,,WON,
2026-06-21T14:00:00+00:00,Serie C,Caxias,Maringá,Team Total Goals,Over 0.5,1.57,0.7714,,WON,
2026-06-21T15:00:00+00:00,Premier League,Aktobe,FC Astana,Asian Handicap,Home +0.25,1.67,0.6493,,WON,
2026-06-21T15:00:00+00:00,Superettan,Ostersunds FK,IFK Norrkoping,Asian Handicap,Home +0.25,1.65,0.6829,,LOST,
2026-06-21T16:00:00+00:00,1. Deild,IR Reykjavik,Völsungur,Team Total Goals,Under 2.5,1.87,0.8984,,LOST,
2026-06-21T16:00:00+00:00,World Cup,Spain,Saudi Arabia,Team Total Goals,Under 2.5,2.1,0.9279,,LOST,
2026-06-21T16:30:00+00:00,Copa Chile,Antofagasta,D. La Serena,Asian Handicap,Home +0.25,1.68,0.6375,,WON,
2026-06-21T17:30:00+00:00,Primera B Metropolitana,Talleres Remedios,Comunicaciones,Over/Under Goals,Over 1.5,1.57,0.8589,,LOST,
2026-06-21T18:00:00+00:00,Primera Nacional,Deportivo Madryn,Los Andes,Asian Handicap,Home +0,1.58,,,WON,
2026-06-21T18:00:00+00:00,Serie D,Parnahyba,Águia de Marabá,Asian Handicap,Home +0.25,1.65,0.7964,,WON,
2026-06-21T18:00:00+00:00,Úrvalsdeild,IBV Vestmannaeyjar,Stjarnan,Asian Handicap,Home +0,2.08,0.5385,,WON,
2026-06-21T18:00:00+00:00,Úrvalsdeild,Valur Reykjavik,Keflavik,Asian Handicap,Home +0,1.65,0.5857,,WON,
2026-06-21T18:30:00+00:00,Primera Nacional,Almirante Brown,Atletico Mitre,Asian Handicap,Home +0,1.65,,,WON,
2026-06-21T18:30:00+00:00,Primera Nacional,Chacarita Juniors,Tristan Suarez,Asian Handicap,Home +0.25,1.5,,,WON,
2026-06-21T18:30:00+00:00,Primera Nacional,Defensores De Belgrano,All Boys,Over/Under Goals,Over 1.5,1.67,,,LOST,
2026-06-21T18:30:00+00:00,Primera Nacional,Ferro Carril Oeste,Deportivo Moron,Asian Handicap,Home +0,1.5,,,WON,
2026-06-21T18:30:00+00:00,Primera Nacional,Patronato,Midland,Asian Handicap,Home +0,1.6,,,WON,
2026-06-21T19:00:00+00:00,Copa Chile,Deportes Temuco,Concepción,Over/Under Goals,Under 3.5,1.53,0.7435,,WON,
2026-06-21T19:00:00+00:00,Serie B,CRB,Fortaleza EC,Asian Handicap,Home +0,1.62,0.6800,,WON,
2026-06-21T19:00:00+00:00,Serie D,Altos,ABC,Team Total Goals,Over 0.5,1.67,0.7914,,LOST,
2026-06-21T19:00:00+00:00,Serie D,Portuguesa RJ,Noroeste,Team Total Goals,Over 0.5,1.53,0.7410,,WON,
2026-06-21T19:00:00+00:00,Serie D,Sao Jose,Santa Catarina,Team Total Goals,Over 0.5,1.5,0.7871,,WON,
2026-06-21T19:00:00+00:00,Torneo Federal A,Tucuman Central,Boca Unidos,Team Total Goals,Over 0.5,1.5,0.7641,,LOST,
2026-06-21T19:15:00+00:00,1. Deild,Grotta,Fylkir,Double Chance,Home/Draw,2.1,0.6930,,LOST,
2026-06-21T19:15:00+00:00,1. Deild,HK Kopavogur,Grindavik,Over/Under Goals,Under 3.5,1.77,0.9130,,LOST,
2026-06-21T19:30:00+00:00,Primera Nacional,Central Norte,Godoy Cruz,Asian Handicap,Home +0,2.3,,,WON,
2026-06-21T19:30:00+00:00,Primera Nacional,Deportivo Maipu,Gimnasia Y Tiro,Over/Under Goals,Over 1.5,1.57,,,LOST,
2026-06-21T20:00:00+00:00,Primera Nacional,Club Atlético Güemes,Gimnasia Jujuy,Asian Handicap,Home +0.25,1.78,,,LOST,
2026-06-21T20:00:00+00:00,Serie B,São Bernardo,Juventude,Asian Handicap,Home +0.25,1.5,0.7958,,LOST,
2026-06-21T21:00:00+00:00,Serie D,Araguaína,Nacional AM,Asian Handicap,Home +0,1.9,0.8307,,LOST,
2026-06-21T21:30:00+00:00,Serie B,Goias,Operario-PR,Over/Under Goals,Over 1.5,1.53,0.7945,,WON,
2026-06-22T00:30:00+00:00,MLS Next Pro,Austin II,Sporting KC II,Team Total Goals,Over 0.5,1.52,0.7379,,WON,
2026-06-22T02:00:00+00:00,MLS Next Pro,Tacoma Defiance,Real Monarchs,Asian Handicap,Home +0.25,1.5,0.6517,,WON,
2026-06-22T14:00:00+00:00,Erovnuli Liga 2,Kolkheti Poti,Shturmi,Asian Handicap,Home +0,1.9,0.6673,,WON,
2026-06-22T15:00:00+00:00,3. Division - Girone 2,Aalesund II,Ranheim II,Team Total Goals,Under 2.5,1.5,0.8702,,WON,
2026-06-22T16:00:00+00:00,3. Division - Girone 3,Førde,Åsane II,Over/Under Goals,Under 3.5,1.92,0.9244,,LOST,
2026-06-22T16:00:00+00:00,Esiliiga A,Elva,Flora II,Asian Handicap,Home +0.25,1.55,0.5698,,LOST,
2026-06-22T16:30:00+00:00,GFA League,Dutch Lions,Brikama United,Double Chance,Home/Draw,1.52,,,WON,
2026-06-22T16:30:00+00:00,GFA League,Hawks,Samger,Asian Handicap,Home +0,1.7,,,WON,
2026-06-22T17:00:00+00:00,Cup,Smiltene,Valmiera / BSS,Over/Under Goals,Under 3.5,2.03,0.6980,,LOST,
2026-06-22T17:00:00+00:00,Division 2 - Norrland,Boden,IFK Luleå,Asian Handicap,Home +0.25,1.98,0.6262,,LOST,
2026-06-22T17:00:00+00:00,Superettan,Oddevold,Ljungskile SK,Asian Handicap,Home +0,1.6,0.6986,,WON,
2026-06-22T17:00:00+00:00,World Cup,Argentina,Austria,Team Total Goals,Over 0.5,1.7,0.7836,,LOST,
2026-06-22T23:15:00+00:00,Torneo Federal A,9 de Julio Rafaela,El Linqueño,Asian Handicap,Away -1.25,1.65,0.0640,,WON,
2026-06-23T00:00:00+00:00,World Cup,Norway,Senegal,Asian Handicap,Home +0,1.65,0.7533,,WON,
2026-06-23T00:30:00+00:00,USL League Two,Denton Diablos,McKinney Chupacabras,Asian Handicap,Home +0,1.68,0.8417,,WON,
2026-06-23T03:00:00+00:00,World Cup,Jordan,Algeria,Team Total Goals,Over 0.5,1.7,0.7596,,WON,
2026-06-23T08:00:00+00:00,League Two,Changchun Xidu,Rizhao Yuqi,Asian Handicap,Home +0.25,2.02,0.7203,,WON,
2026-06-23T08:00:00+00:00,League Two,Xiamen Feilu,Hubei Chufeng Heli,Team Total Goals,Over 0.5,1.54,0.7615,,LOST,
2026-06-23T09:30:00+00:00,Queensland NPL,Gold Coast Knights,Eastern Suburbs,Over/Under Goals,Under 3.5,1.67,0.6935,,LOST,
2026-06-23T11:30:00+00:00,League Two,Nantong Haimen Codion,Shanghai Port II,Asian Handicap,Home +0.25,1.58,0.5905,,WON,
2026-06-23T15:00:00+00:00,Cup,BFA,Kauno Žalgiris,Asian Handicap,Home +0.25,6.25,0.7878,,LOST,
2026-06-23T15:30:00+00:00,Cup,Minija,Panevėžys,Asian Handicap,Home +0.25,1.9,0.5931,,WON,
2026-06-23T15:30:00+00:00,Friendlies Clubs,Levski Sofia,Etar Veliko Tarnovo,Team Total Goals,Under 2.5,1.83,0.9604,,LOST,
2026-06-23T16:15:00+00:00,Friendlies Clubs,Shkendija,HNK Hajduk Split,Asian Handicap,Home +0.25,2.68,0.6468,,LOST,
2026-06-23T17:00:00+00:00,World Cup,Portugal,Uzbekistan,Team Total Goals,Over 0.5,2.05,0.7733,,LOST,
2026-06-23T18:30:00+00:00,Friendlies Clubs,Annan Athletic, Johnstone Burgh,Team Total Goals,Under 2.5,1.5,0.9449,,LOST,
2026-06-23T20:00:00+00:00,World Cup,England,Ghana,Team Total Goals,Under 2.5,1.67,0.9218,,WON,
2026-06-23T23:00:00+00:00,Friendlies Clubs,Annapolis Blues,Santos Laguna,Double Chance,Home/Draw,5.5,0.6040,,LOST,
2026-06-23T23:00:00+00:00,Serie B,America Mineiro,Criciuma,Asian Handicap,Home +0.25,1.75,0.6333,,LOST,
2026-06-23T23:00:00+00:00,USL League Two,Union Macomb,Lansing City,Team Total Goals,Over 0.5,1.63,0.8262,,WON,
2026-06-23T23:00:00+00:00,World Cup,Panama,Croatia,Asian Handicap,Home +0.25,3.1,0.7193,,LOST,
2026-06-24T00:00:00+00:00,USL League Two,Hill Country Lobos,Laredo Heat,Over/Under Goals,Under 3.5,1.98,0.9628,,LOST,
2026-06-24T00:30:00+00:00,Copa Chile,Palestino,A. Italiano,Asian Handicap,Home +0,1.55,0.6550,,LOST,
2026-06-24T01:30:00+00:00,USL League Two,Midlakes United,Snohomish United,Over/Under Goals,Under 3.5,1.7,0.7087,,LOST,
2026-06-24T07:00:00+00:00,League Two,Xi'an Ronghai,Tai'an Tiankuang,Asian Handicap,Home +0.25,1.68,0.6803,,WON,
2026-06-24T08:45:00+00:00,Friendlies Clubs,Dukla Banská Bystrica,Tatran Prešov,Asian Handicap,Home +0,1.55,0.5013,,WON,
2026-06-24T10:00:00+00:00,Friendlies Clubs,Slovácko,Vysočina Jihlava,Team Total Goals,Over 0.5,1.62,0.9087,,WON,
2026-06-24T11:00:00+00:00,League Two,BIT,Shandong Taishan II,Asian Handicap,Home +0.25,2.85,0.7767,,LOST,
2026-06-24T12:00:00+00:00,Friendlies Clubs,Mjallby AIF,Halmstad,Team Total Goals,Under 2.5,1.52,0.8853,,LOST,
2026-06-24T15:00:00+00:00,Friendlies Clubs,Dynamo Kyiv,Žilina,Asian Handicap,Home +0,1.55,0.7368,,WON,
2026-06-24T15:00:00+00:00,Friendlies Clubs,Grazer AK,Slovan Bratislava,Asian Handicap,Home +0.25,2.1,0.7127,,LOST,
2026-06-24T16:00:00+00:00,Damallsvenskan,Rosengård W,Djurgården W,Asian Handicap,Home +0,1.74,0.6706,,WON,
2026-06-24T16:00:00+00:00,Erovnuli Liga,Gagra,Samgurali,Asian Handicap,Home +0.25,1.65,0.6253,,WON,
2026-06-24T16:30:00+00:00,Friendlies Clubs,Freienbach,Rapperswil,Asian Handicap,Home +0.25,2.85,0.5820,,LOST,
2026-06-24T17:00:00+00:00,Damallsvenskan,Växjö W,Brommapojkarna W,Over/Under Goals,Under 3.5,1.55,0.7199,,WON,
2026-06-24T20:00:00+00:00,Copa Chile,D. La Serena,Cobresal,Team Total Goals,Over 0.5,1.5,0.8380,,LOST,
2026-06-24T22:00:00+00:00,World Cup,Scotland,Brazil,Asian Handicap,Home +0.25,4.0,0.5987,,LOST,
2026-06-24T23:00:00+00:00,USL League Two,AFC Ann Arbor,Flint City Bucks,Over/Under Goals,Under 3.5,1.79,0.8607,,WON,
2026-06-24T23:45:00+00:00,USL League Two,Evergreen,Hill City,Asian Handicap,Home +0,1.6,0.6269,,LOST,
2026-06-25T00:00:00+00:00,USL Championship,Colorado Springs,San Antonio,Team Total Goals,Over 0.5,1.55,0.7377,,WON,
2026-06-25T15:30:00+00:00,Friendlies Clubs,FK Crvena Zvezda,SKU Amstetten,Team Total Goals,Under 2.5,2.26,0.8590,,WON,
2026-06-25T16:00:00+00:00,Ykkönen,JJK,Inter Turku II,Asian Handicap,Away -1.25,1.8,0.1647,,LOST,
2026-06-25T17:00:00+00:00,3. Division - Girone 2,Strindheim,Melhus,Asian Handicap,Home +0,2.52,0.6510,,WON,
2026-06-25T17:00:00+00:00,Botola Pro,CODM Meknès,Hassania Agadir,Asian Handicap,Home +0.25,1.6,0.7730,,WON,
2026-06-25T17:00:00+00:00,Botola Pro,CR Khemis Zemamra,Olympique Safi,Asian Handicap,Home +0.25,1.55,0.6768,,WON,
2026-06-25T17:00:00+00:00,Botola Pro,Kawkab Marrakech,FUS Rabat,Over/Under Goals,Over 1.5,1.55,0.6673,,WON,
2026-06-25T17:00:00+00:00,Botola Pro,Olympique Dcheïra,Ittihad Tanger,Asian Handicap,Home +0.25,1.55,0.5934,,WON,
2026-06-25T17:00:00+00:00,Botola Pro,Renaissance Berkane,FAR Rabat,Asian Handicap,Home +0,1.93,0.5336,,WON,
2026-06-25T17:00:00+00:00,Botola Pro,Yacoub El Mansour,Raja Casablanca,Team Total Goals,Over 0.5,1.57,0.7721,,WON,
2026-06-25T17:00:00+00:00,Division 2 - Västra Götaland,Galtabacks,Böljan,Over/Under Goals,Under 3.5,1.79,0.7322,,WON,
2026-06-25T18:00:00+00:00,Brasileiro U20 A,Corinthians U20,Flamengo U20,Asian Handicap,Home +0.25,1.55,0.7032,,WON,
2026-06-25T18:00:00+00:00,Division 2 - Norra Svealand,Helges,Sunnersta,Asian Handicap,Home +0.25,3.8,0.6429,,LOST,
2026-06-25T23:00:00+00:00,World Cup,Tunisia,Netherlands,Team Total Goals,Over 0.5,2.4,0.7488,,WON,
2026-06-26T07:00:00+00:00,Friendlies Clubs,Botev Plovdiv,Arda Kardzhali,Asian Handicap,Home +0.25,1.58,0.6738,,WON,
2026-06-26T08:00:00+00:00,Friendlies Clubs,Baltika,Volga Ulyanovsk,Asian Handicap,Home +1.25,2.38,0.9339,,WON,
2026-06-26T08:30:00+00:00,Friendlies Clubs,Austria Lustenau,FC WIL 1900,Over/Under Goals,Under 3.5,1.8,0.7584,,WON,
2026-06-26T09:00:00+00:00,Friendlies Clubs,Randers FC,Sonderjyske,Asian Handicap,Home +0.25,1.62,0.6286,,LOST,
2026-06-26T09:30:00+00:00,New South Wales NPL,Sydney FC U23,Sydney United,Asian Handicap,Home +0.25,2.1,0.6826,,WON,
2026-06-26T11:35:00+00:00,Super League,Qingdao Jonoon,Yunnan Yukun,Asian Handicap,Home +0.25,1.75,0.6805,,WON,
2026-06-26T12:00:00+00:00,Premier League,Kedus Giorgis,Fasil Ketema,Over/Under Goals,Over 1.5,1.65,0.6569,,LOST,
2026-06-26T12:00:00+00:00,Youth Championship,Rubin Kazan U20,Lokomotiv Moskva U19,Asian Handicap,Home +0.25,5.55,0.5686,,LOST,
2026-06-26T13:00:00+00:00,Paulista - U20,Água Santa U20,Flamengo SP U20,Over/Under Goals,Under 3.5,1.5,0.8761,,WON,
2026-06-26T13:00:00+00:00,Premier League,Ethiopia Bunna,Mekelle Kenema,Asian Handicap,Home +0.25,1.65,0.9925,,WON,
2026-06-26T13:30:00+00:00,Friendlies Clubs,FK Jablonec,Vlašim,Team Total Goals,Over 0.5,1.54,0.7533,,WON,
2026-06-26T14:00:00+00:00,Youth Championship,Rostov U19,Fakel U19,Team Total Goals,Under 2.5,1.53,0.9623,,WON,
2026-06-26T14:00:00+00:00,Youth Championship,Zenit U19,Nizhny Novgorod U19,Team Total Goals,Under 2.5,2.92,0.9591,,LOST,
2026-06-26T14:30:00+00:00,Friendlies Clubs,Akron,Baltika,Asian Handicap,Home +0.25,4.6,0.5897,,LOST,
2026-06-26T15:00:00+00:00,Premier League,Arba Minch Kenema,Welwalo Adigrat Uni,Asian Handicap,Home +0.25,1.52,0.7300,,LOST,
2026-06-26T15:30:00+00:00,Friendlies Clubs,Oberwart,Sturm Graz II,Over/Under Goals,Under 3.5,1.75,0.8583,,LOST,
2026-06-26T16:00:00+00:00,Friendlies Clubs,Rapid Wien II,Donau,Team Total Goals,Under 2.5,2.45,0.9606,,LOST,
2026-06-26T16:00:00+00:00,Friendlies Clubs,Seekirchen,Red Bull Salzburg,Asian Handicap,Home +0.25,9.0,0.8196,,LOST,
2026-06-26T17:00:00+00:00,Division 2 - Norra Svealand,Kungsängen,Skiljebo,Asian Handicap,Home +0,2.35,0.5793,,LOST,
2026-06-26T17:00:00+00:00,Superettan,IK brage,Falkenbergs FF,Asian Handicap,Home +0,1.77,0.5741,,LOST,
2026-06-26T17:30:00+00:00,Ettan - Norra,Assyriska FF,Vasalund,Asian Handicap,Home +0,2.2,0.7312,,WON,
2026-06-26T18:00:00+00:00,Paulista - U20,EC São Bernardo U20,Santo André U20,Asian Handicap,Away -1.25,1.88,0.1906,,WON,
2026-06-26T18:00:00+00:00,Paulista - U20,Osasco Audax U20,Porto Football U20,Asian Handicap,Away -1.25,1.9,0.0303,,WON,
2026-06-26T18:00:00+00:00,Paulista - U20,Tanabi SP U20,XV de Jaú U20,Asian Handicap,Home +0,2.05,0.7430,,WON,
2026-06-26T18:30:00+00:00,Premier Division,Shamrock Rovers,Galway United,Team Total Goals,Over 0.5,1.65,0.7392,,WON,
2026-06-26T19:00:00+00:00,Premier Division,Bohemians,St Patrick's Athl.,Asian Handicap,Home +0.25,1.58,0.6243,,WON,
2026-06-26T19:00:00+00:00,World Cup,Norway,France,Asian Handicap,Home +0.25,2.5,0.7177,,LOST,
2026-06-26T19:00:00+00:00,World Cup,Senegal,Iraq,Over/Under Goals,Under 3.5,1.5,0.7972,,LOST,
2026-06-26T19:15:00+00:00,1. Deild,Leiknir R.,IR Reykjavik,Asian Handicap,Home +0,1.97,0.8253,,WON,
2026-06-26T19:15:00+00:00,2. Deild,Selfoss,Haukar,Asian Handicap,Home +0.25,1.72,0.5782,,WON,
2026-06-26T23:30:00+00:00,USL League Two,Western Mass Pioneers,AC Connecticut,Over/Under Goals,Under 3.5,2.15,0.7237,,WON,
2026-06-27T00:00:00+00:00,World Cup,Cape Verde Islands,Saudi Arabia,Asian Handicap,Home +0,1.73,0.7775,,WON,
2026-06-27T00:00:00+00:00,World Cup,Uruguay,Spain,Asian Handicap,Home +0.25,3.3,0.5829,,LOST,
2026-06-27T03:00:00+00:00,Npl Nsw U20,UNSW U20,Sutherland Sharks U20,Asian Handicap,Home +0.25,1.68,0.6788,,WON,
2026-06-27T04:00:00+00:00,Northern NSW NPL,Edgeworth Eagles,Adamstown Rosebuds,Over/Under Goals,Under 3.5,1.7,0.8201,,LOST,
2026-06-27T06:00:00+00:00,Queensland NPL,Peninsula Power,Brisbane Roar II,Asian Handicap,Away -1.25,2.5,0.1655,,LOST,
2026-06-27T06:30:00+00:00,New South Wales NPL 2,Northern Tigers,Dulwich Hill,Over/Under Goals,Under 3.5,1.55,0.9416,,LOST,
2026-06-27T06:30:00+00:00,Northern NSW NPL,Valentine,Lambton Jaffas,Asian Handicap,Home +0.25,2.38,0.6698,,WON,
2026-06-27T07:00:00+00:00,New South Wales NPL 2,Canterbury Bankstown,Central Coast II,Asian Handicap,Home +0,1.52,0.8250,,WON,
2026-06-27T07:00:00+00:00,New South Wales NPL 2,Hurstville FC,Hills Brumbies,Over/Under Goals,Under 3.5,1.56,0.7739,,WON,
2026-06-27T07:00:00+00:00,New South Wales NPL 2,Inter Lions,Newcastle Jets II,Asian Handicap,Home +0,2.0,0.6671,,WON,
2026-06-27T07:00:00+00:00,New South Wales NPL,SD Raiders,St George City FA,Asian Handicap,Home +0.25,1.55,0.6780,,WON,
2026-06-27T08:00:00+00:00,League Two,Dalian Kewei,Shanghai Port II,Asian Handicap,Home +0,1.65,0.6146,,WON,
2026-06-27T08:30:00+00:00,Friendlies Clubs,Zaglebie Lubin,Miedz Legnica,Over/Under Goals,Under 3.5,1.66,0.9338,,WON,
2026-06-27T08:30:00+00:00,New South Wales NPL,St. George Saints,Sydney Olympic,Over/Under Goals,Under 3.5,1.5,0.9026,,WON,
2026-06-27T09:00:00+00:00,Friendlies Clubs,Slovan Liberec,Ústí nad Labem,Over/Under Goals,Under 3.5,1.55,0.8670,,WON,
2026-06-27T09:00:00+00:00,New South Wales NPL 2,Mt Druitt Town,Bankstown City Lions,Asian Handicap,Home +0.25,2.38,0.6336,,LOST,
2026-06-27T09:00:00+00:00,Queensland NPL,Eastern Suburbs,Olympic,Asian Handicap,Home +0,1.62,0.7416,,LOST,
2026-06-27T10:00:00+00:00,Friendlies Clubs,Dordrecht,Schalke 04 II,Over/Under Goals,Under 3.5,1.72,0.7887,,WON,
2026-06-27T10:00:00+00:00,Friendlies Clubs,Esbjerg,Vejle,Asian Handicap,Home +0.25,1.9,0.7894,,WON,
2026-06-27T10:00:00+00:00,K3 League,Chuncheon,Yangpyeong,Asian Handicap,Home +0,1.78,0.5825,,WON,
2026-06-27T11:00:00+00:00,3. Division - Girone 3,Brann II,Fana,Asian Handicap,Home +0,1.52,0.4991,,WON,
2026-06-27T11:00:00+00:00,Division 2 - Norra Svealand,Franke,Viggbyholms IK,Over/Under Goals,Under 3.5,1.66,0.6861,,WON,
2026-06-27T11:00:00+00:00,Ettan - Södra,Trollhättan,Angelholms FF,Asian Handicap,Home +0.25,1.52,0.6667,,WON,
2026-06-27T11:00:00+00:00,Super League,Shenyang Urban,Shandong Luneng,Asian Handicap,Home +0.25,1.98,0.7344,,LOST,
2026-06-27T11:00:00+00:00,Veikkausliiga,Ilves,SJK,Asian Handicap,Home +0,1.7,0.5646,,WON,
2026-06-27T11:30:00+00:00,League Two,Guangdong Mingtu,Xiamen Feilu,Asian Handicap,Home +0.25,1.6,0.8516,,LOST,
2026-06-27T11:35:00+00:00,Super League,Sichuan Jiuniu,Chengdu Better City,Asian Handicap,Home +0.25,2.85,0.8124,,LOST,
2026-06-27T12:00:00+00:00,Damallsvenskan,Malmö FF W,Kristianstad W,Over/Under Goals,Under 3.5,1.5,0.8673,,LOST,
2026-06-27T12:00:00+00:00,Kakkonen - Lohko C,GBK,JS Hercules,Over/Under Goals,Under 3.5,2.55,0.8475,,LOST,
2026-06-27T13:00:00+00:00,3. Division - Girone 2,Orkla,Molde II,Team Total Goals,Under 2.5,1.55,0.9323,,LOST,
2026-06-27T13:00:00+00:00,Division 2 - Norra Svealand,Täby,Gute,Over/Under Goals,Under 3.5,1.57,0.7944,,WON,
2026-06-27T13:00:00+00:00,Kakkonen - Lohko B,Musa,P-Iirot,Double Chance,Home/Draw,2.23,0.8082,,WON,
2026-06-27T13:00:00+00:00,Segunda División,Atenas,Tacuarembo,Asian Handicap,Home +0,1.74,0.7840,,WON,
2026-06-27T14:00:00+00:00,1. Deild,Throttur Reykjavik,Vestri,Over/Under Goals,Under 3.5,1.66,0.8777,,WON,
2026-06-27T14:00:00+00:00,2. Deild,Dalvík / Reynir,Fjardabyggd / Leiknir,Asian Handicap,Home +0,1.62,0.7447,,WON,
2026-06-27T14:00:00+00:00,Division 2 - Norra Svealand,Falu BS,Lidingö,Team Total Goals,Under 2.5,1.62,0.9461,,WON,
2026-06-27T14:00:00+00:00,Division 2 - Västra Götaland,Åstorp,Torslanda,Over/Under Goals,Under 3.5,1.68,0.8045,,WON,
2026-06-27T14:00:00+00:00,Ettan - Norra,Gefle IF,Stocksund,Over/Under Goals,Under 3.5,1.73,0.8893,,WON,
2026-06-27T14:00:00+00:00,Ettan - Södra,AFC Malmo,Jonkopings Sodra,Asian Handicap,Home +0,1.9,0.5834,,WON,
2026-06-27T14:00:00+00:00,Ettan - Södra,Atvidabergs FF,Rosengård,Asian Handicap,Home +0.25,1.95,0.7532,,WON,
2026-06-27T14:00:00+00:00,Friendlies Clubs,FC ST. Gallen,SCR Altach,Asian Handicap,Away -1.25,1.52,0.1640,,WON,
2026-06-27T14:00:00+00:00,Kakkonen - Lohko B,HJS Akatemia,NJS,Over/Under Goals,Under 3.5,2.45,0.8842,,WON,
2026-06-27T14:00:00+00:00,Serie B,Operario-PR,America Mineiro,Team Total Goals,Over 0.5,1.73,0.8495,,LOST,
2026-06-27T14:30:00+00:00,Friendlies Clubs,Bayern München II,Legia Warszawa,Asian Handicap,Home +0.25,3.3,0.5345,,LOST,
2026-06-27T15:00:00+00:00,1. Deild,Völsungur,Grotta,Double Chance,Home/Draw,1.74,0.5035,,WON,
2026-06-27T15:00:00+00:00,Premier League,Ethiopian Medhin,Suhul Shire,Asian Handicap,Home +0,1.65,0.4741,,LOST,
2026-06-27T16:00:00+00:00,Segunda División,Uruguay Montevideo,Fenix,Asian Handicap,Home +0.25,1.98,0.5963,,WON,
2026-06-27T16:00:00+00:00,Veikkausliiga,Gnistan,VPS,Asian Handicap,Home +0,1.91,0.6720,,WON,
2026-06-27T16:00:00+00:00,Veikkausliiga,Turku PS,FF Jaro,Asian Handicap,Home +0,1.57,0.5814,,WON,
2026-06-27T18:00:00+00:00,Baiano U20,Jacuipense U20,Fluminense de Feira U20,Asian Handicap,Home +0,1.8,0.5567,,WON,
2026-06-27T18:00:00+00:00,Primera B Metropolitana,Brown DE Adrogue,Flandria,Over/Under Goals,Over 1.5,1.57,0.8420,,WON,
2026-06-27T19:00:00+00:00,Goiano U20,Cerrado EC U20,Atlético GO U20,Asian Handicap,Home +0,1.85,0.6345,,WON,
2026-06-27T19:00:00+00:00,Segunda División,Sportivo Huracan,Rentistas,Asian Handicap,Home +0.25,1.68,0.7908,,LOST,
2026-06-27T20:00:00+00:00,MLS Next Pro,Portland Timbers II,The Town,Over/Under Goals,Under 3.5,1.55,0.7439,,LOST,
2026-06-27T21:00:00+00:00,Division Intermedia,General Caballero,Fernando De La Mora,Team Total Goals,Over 0.5,1.61,0.7517,,WON,
2026-06-27T21:00:00+00:00,World Cup,Panama,England,Over/Under Goals,Under 3.5,1.65,0.7913,,WON,
2026-06-27T22:00:00+00:00,Serie C,AO Itabaiana,Ferroviária,Over/Under Goals,Over 1.5,1.53,0.6357,,LOST,
2026-06-27T23:30:00+00:00,World Cup,Colombia,Portugal,Asian Handicap,Home +0,2.8,0.5003,,WON,
2026-06-28T00:00:00+00:00,MLS Next Pro,Colorado Rapids II,Vancouver Whitecaps II,Over/Under Goals,Under 3.5,1.62,0.9421,,WON,
2026-06-28T01:30:00+00:00,USL League Two,Midlakes United,Ballard,Over/Under Goals,Under 3.5,1.65,0.7934,,LOST,
2026-06-28T02:00:00+00:00,MLS Next Pro,Ventura County,Real Monarchs,Asian Handicap,Home +0,1.92,0.5534,,WON,
2026-06-28T02:00:00+00:00,World Cup,Algeria,Austria,Asian Handicap,Home +0.25,1.75,0.7002,,WON,
2026-06-28T05:00:00+00:00,New South Wales NPL,Marconi Stallions,Blacktown City,Team Total Goals,Under 2.5,1.53,0.9601,,WON,
2026-06-28T05:00:00+00:00,Queensland NPL,Gold Coast United,Moreton City Excelsior,Over/Under Goals,Under 3.5,1.91,0.7527,,WON,
2026-06-28T05:30:00+00:00,Victoria NPL,South Melbourne,Green Gully,Team Total Goals,Over 0.5,1.53,0.7460,,WON,
2026-06-28T07:00:00+00:00,Premier League,Adama Kenema,Welayta Dicha,Over/Under Goals,Over 1.5,1.65,0.7742,,WON,
2026-06-28T08:00:00+00:00,K3 League,Dangjin Citizen,Gangneung City,Asian Handicap,Home +0.25,1.62,0.6436,,WON,
2026-06-28T11:00:00+00:00,Division 2 - Västra Götaland,Jonsered,Kongahälla,Over/Under Goals,Under 3.5,1.78,0.8445,,WON,
2026-06-28T11:00:00+00:00,Ettan - Södra,Olympic,Eskilsminne,Asian Handicap,Home +0.25,1.62,0.7666,,WON,
2026-06-28T11:00:00+00:00,Super League,Dalian Zhixing,Shanghai Shenhua,Asian Handicap,Home +0.25,1.62,0.8655,,LOST,
2026-06-28T11:30:00+00:00,League Two,Jiangxi Liansheng,Guangzhou Dandelion,Asian Handicap,Home +0,1.5,0.5636,,WON,
2026-06-28T11:30:00+00:00,League Two,Wuhan Three Towns II,Langfang Glory City,Asian Handicap,Home +0.25,1.55,0.8125,,LOST,
2026-06-28T13:00:00+00:00,Division Intermedia,3 de Noviembre,Paraguari AC,Asian Handicap,Home +0,1.9,0.5751,,WON,
2026-06-28T13:00:00+00:00,Premier League,Mebrat Hayl,Awassa Kenema,Asian Handicap,Home +0.25,1.56,0.8882,,WON,
2026-06-28T13:00:00+00:00,Ykkösliiga,KäPa,JäPS,Asian Handicap,Home +0.25,1.51,0.7417,,WON,
2026-06-28T13:30:00+00:00,Friendlies Clubs,Nijlen,K. Lierse S.K.,Double Chance,Home/Draw,2.3,0.7188,,LOST,
2026-06-28T14:00:00+00:00,Ettan - Norra,Umeå FC,Järfälla,Asian Handicap,Home +0,1.6,0.6029,,LOST,
2026-06-28T15:00:00+00:00,Friendlies Clubs,Ferencvarosi TC,Sabah FA,Over/Under Goals,Under 3.5,1.5,0.8648,,WON,
2026-06-28T15:00:00+00:00,Segunda División,CA River Plate,La Luz,Asian Handicap,Home +0,1.9,0.7722,,WON,
2026-06-28T15:45:00+00:00,A Lyga,Džiugas Telšiai,FK Zalgiris Vilnius,Asian Handicap,Home +0.25,1.92,0.6688,,WON,
2026-06-28T16:00:00+00:00,Friendlies Clubs,Olimpija Ljubljana,Cukaricki,Asian Handicap,Home +0,1.52,0.8267,,LOST,
2026-06-28T16:00:00+00:00,Meistriliiga,FC Levadia Tallinn,Flora Tallinn,Asian Handicap,Away -1.25,1.68,0.2007,,WON,
2026-06-28T16:00:00+00:00,Primera B Metropolitana,Deportivo Laferrere,Argentino Quilmes,Over/Under Goals,Over 1.5,1.5,0.7978,,WON,
2026-06-28T16:30:00+00:00,Copa Chile,Cobresal,Antofagasta,Asian Handicap,Away -1.25,1.68,0.1717,,WON,
2026-06-28T16:30:00+00:00,Copa Chile,D. La Serena,Cobreloa,Team Total Goals,Over 0.5,1.53,0.7933,,WON,
2026-06-28T17:00:00+00:00,Botola Pro,Difaa EL Jadida,Kawkab Marrakech,Asian Handicap,Home +0.25,1.56,0.7487,,WON,
2026-06-28T17:00:00+00:00,Botola Pro,Ittihad Tanger,Raja Casablanca,Asian Handicap,Home +0,3.42,0.7082,,WON,
2026-06-28T17:00:00+00:00,Botola Pro,Wydad AC,Olympique Dcheïra,Team Total Goals,Over 0.5,1.67,0.7276,,WON,
2026-06-28T18:00:00+00:00,Primera B Metropolitana,Argentino de Merlo,Comunicaciones,Asian Handicap,Home +0.25,1.55,0.6752,,WON,
2026-06-28T18:00:00+00:00,Primera B Metropolitana,Arsenal Sarandi,Dock Sud,Team Total Goals,Over 0.5,1.83,0.7497,,LOST,
2026-06-28T18:00:00+00:00,Segunda División,Cerrito,Plaza Colonia,Asian Handicap,Home +0,2.05,0.6465,,WON,
2026-06-28T18:30:00+00:00,Torneo Federal A,Costa Brava,San Martín Mendoza,Asian Handicap,Away -1.25,1.52,0.1283,,WON,
2026-06-28T18:30:00+00:00,Torneo Federal A,Juventud Antoniana,Defensores de Vilelas,Asian Handicap,Away -1.25,1.52,0.0128,,LOST,
2026-06-28T19:00:00+00:00,Copa Chile,Huachipato,Deportes Temuco,Asian Handicap,Away -1.25,1.55,0.1601,,LOST,
2026-06-28T19:00:00+00:00,UEFA U19 Championship,Germany U19,Denmark U19,Asian Handicap,Home +0.25,1.62,0.6678,,WON,
2026-06-28T21:00:00+00:00,Copa Chile,O'Higgins,Recoleta,Over/Under Goals,Under 3.5,1.53,0.9421,,WON,
2026-06-28T21:00:00+00:00,Segunda División,Oriental,Colón,Asian Handicap,Home +0,1.58,0.6472,,WON,
2026-06-28T22:00:00+00:00,MLS Next Pro,Carolina Core,Huntsville City,Asian Handicap,Home +0.25,1.62,0.7187,,WON,
2026-06-28T22:00:00+00:00,MLS Next Pro,FC Cincinnati II,Inter Miami II,Over/Under Goals,Under 3.5,1.55,0.9668,,WON,
2026-06-28T23:00:00+00:00,MLS Next Pro,Orlando City II,Columbus Crew II,Asian Handicap,Home +0.25,1.62,0.6886,,WON,
2026-06-29T00:00:00+00:00,Copa Chile,D. Puerto Montt,Concepción,Asian Handicap,Home +0.25,1.65,0.5339,,WON,
2026-06-29T16:00:00+00:00,Friendlies Clubs,Akhmat,Borac Banja Luka,Over/Under Goals,Under 3.5,1.5,0.9834,,LOST,
2026-06-29T17:00:00+00:00,World Cup,Brazil,Japan,Team Total Goals,Over 0.5,1.57,0.7515,,WON,
2026-06-29T18:45:00+00:00,Friendlies Clubs,H&W Welders,Larne,Team Total Goals,Under 2.5,1.56,0.9137,,WON,
2026-06-30T14:00:00+00:00,Friendlies Clubs,CSKA Moscow,Shinnik Yaroslavl,Team Total Goals,Under 2.5,1.89,0.9077,,WON,
2026-06-30T16:00:00+00:00,Friendlies Clubs,Sturm Graz,LNZ Cherkasy,Over/Under Goals,Under 3.5,1.5,0.9406,,LOST,
2026-06-30T18:00:00+00:00,Primera C,Claypole,Canuelas,Asian Handicap,Home +0.25,1.98,0.6660,,LOST,
2026-06-30T18:30:00+00:00,Friendlies Clubs,Alloa Athletic,Livingston,Asian Handicap,Home +0.25,2.85,0.8316,,LOST,
2026-06-30T18:45:00+00:00,Friendlies Clubs,Clyde,Queen's Park,Asian Handicap,Home +0.25,3.7,0.8351,,LOST,
2026-06-30T19:00:00+00:00,Friendlies Clubs,Shamrock Rovers,Hibernian,Asian Handicap,Home +0.25,1.6,0.5923,,WON,
2026-06-30T21:00:00+00:00,Division Intermedia,Independiente F.b.c.,Benjamín Aceval,Asian Handicap,Home +0,1.9,0.4991,,LOST,
2026-06-30T21:00:00+00:00,World Cup,France,Sweden,Team Total Goals,Over 0.5,1.75,0.7763,,LOST,
2026-06-30T22:00:00+00:00,Copa Chile,A. Italiano,Palestino,Asian Handicap,Home +0.25,1.52,0.7894,,WON,
2026-06-30T22:30:00+00:00,Serie C,Caxias,Anápolis,Asian Handicap,Away -1.25,1.5,0.0969,,WON,
2026-06-30T23:00:00+00:00,USL League Two,Boston Bolts,Western Mass Pioneers,Asian Handicap,Home +0.25,2.75,0.6303,,LOST,
2026-06-30T23:00:00+00:00,USL League Two,Kalamazoo FC,Oakland County,Asian Handicap,Home +0.25,2.15,0.6318,,WON,
